"","Vaccine","Geography","Dose","dim1","vax_uptake","samp_size_vax","urban"
"1","PCV","North Carolina","≥4 Doses","Urbanicity",87.3,518,"Larger City"
"2","Hep B","North Carolina","≥3 Doses","Urbanicity",92.5,428,"Smaller City"
"3","Hib","North Carolina","Full Series","Urbanicity",85.4,518,"Larger City"
"4","Hep A","North Carolina","≥2 Doses","Urbanicity",73.4,428,"Smaller City"
"5","≥1 Dose MMR","North Carolina",NA,"Urbanicity",91.5,140,"Rural"
"6","Hep A","North Carolina","≥2 Doses","Urbanicity",78.3,518,"Larger City"
"7","DTaP","North Carolina","≥4 Doses","Urbanicity",85.6,140,"Rural"
"8","DTaP","North Carolina","≥4 Doses","Urbanicity",84.7,428,"Smaller City"
"9","DTaP","North Carolina","≥4 Doses","Urbanicity",84.1,518,"Larger City"
"10","Hep B","North Carolina","≥3 Doses","Urbanicity",95,518,"Larger City"
"11","≥1 Dose Varicella","North Carolina",NA,"Urbanicity",92.8,428,"Smaller City"
"12","PCV","North Carolina","≥4 Doses","Urbanicity",90.1,140,"Rural"
"13","PCV","North Carolina","≥4 Doses","Urbanicity",84.7,428,"Smaller City"
"14","≥1 Dose MMR","North Carolina",NA,"Urbanicity",93.8,428,"Smaller City"
"15","≥1 Dose MMR","North Carolina",NA,"Urbanicity",92.8,518,"Larger City"
"16","Hib","North Carolina","Full Series","Urbanicity",89.9,140,"Rural"
"17","Hib","North Carolina","Full Series","Urbanicity",84.6,428,"Smaller City"
"18","Hep A","North Carolina","≥2 Doses","Urbanicity",75.5,140,"Rural"
"19","≥1 Dose Varicella","North Carolina",NA,"Urbanicity",94.6,140,"Rural"
"20","≥1 Dose Varicella","North Carolina",NA,"Urbanicity",91.8,518,"Larger City"
"21","Hep B","North Carolina","≥3 Doses","Urbanicity",96.9,140,"Rural"
"22","DTaP","New Jersey","≥4 Doses","Urbanicity",81.2,874,"Smaller City"
"23","DTaP","New Jersey","≥4 Doses","Urbanicity",77.4,134,"Larger City"
"24","Hep A","New Jersey","≥2 Doses","Urbanicity",75.8,874,"Smaller City"
"25","≥1 Dose MMR","New Jersey",NA,"Urbanicity",90.6,874,"Smaller City"
"26","Hib","New Jersey","Full Series","Urbanicity",79.6,874,"Smaller City"
"27","Hib","New Jersey","Full Series","Urbanicity",75.6,134,"Larger City"
"28","PCV","New Jersey","≥4 Doses","Urbanicity",82.7,874,"Smaller City"
"29","≥1 Dose Varicella","New Jersey",NA,"Urbanicity",88.9,874,"Smaller City"
"30","≥1 Dose Varicella","New Jersey",NA,"Urbanicity",88.8,134,"Larger City"
"31","Hep B","New Jersey","≥3 Doses","Urbanicity",91.8,874,"Smaller City"
"32","PCV","New Jersey","≥4 Doses","Urbanicity",73.8,134,"Larger City"
"33","≥1 Dose MMR","New Jersey",NA,"Urbanicity",86.8,134,"Larger City"
"34","Hep B","New Jersey","≥3 Doses","Urbanicity",88.7,134,"Larger City"
"35","Hep A","New Jersey","≥2 Doses","Urbanicity",78,134,"Larger City"
"36","DTaP","Kansas","≥4 Doses","Urbanicity",81.5,370,"Smaller City"
"37","DTaP","Kansas","≥4 Doses","Urbanicity",75.4,366,"Rural"
"38","≥1 Dose MMR","Kansas",NA,"Urbanicity",87.6,366,"Rural"
"39","Hep A","Kansas","≥2 Doses","Urbanicity",84.8,370,"Smaller City"
"40","≥1 Dose Varicella","Kansas",NA,"Urbanicity",86.6,366,"Rural"
"41","Hep B","Kansas","≥3 Doses","Urbanicity",95.1,370,"Smaller City"
"42","Hib","Kansas","Full Series","Urbanicity",74.9,366,"Rural"
"43","≥1 Dose MMR","Kansas",NA,"Urbanicity",93.9,370,"Smaller City"
"44","Hib","Kansas","Full Series","Urbanicity",81.1,370,"Smaller City"
"45","Hib","Kansas","Full Series","Urbanicity",75.9,528,"Larger City"
"46","PCV","Kansas","≥4 Doses","Urbanicity",79,366,"Rural"
"47","PCV","Kansas","≥4 Doses","Urbanicity",84.4,370,"Smaller City"
"48","DTaP","Kansas","≥4 Doses","Urbanicity",75.4,528,"Larger City"
"49","≥1 Dose Varicella","Kansas",NA,"Urbanicity",92,370,"Smaller City"
"50","Hep B","Kansas","≥3 Doses","Urbanicity",90.8,366,"Rural"
"51","PCV","Kansas","≥4 Doses","Urbanicity",82.4,528,"Larger City"
"52","≥1 Dose MMR","Kansas",NA,"Urbanicity",88.4,528,"Larger City"
"53","Hep B","Kansas","≥3 Doses","Urbanicity",92.5,528,"Larger City"
"54","Hep A","Kansas","≥2 Doses","Urbanicity",66,366,"Rural"
"55","≥1 Dose Varicella","Kansas",NA,"Urbanicity",88.4,528,"Larger City"
"56","Hep A","Kansas","≥2 Doses","Urbanicity",82.7,528,"Larger City"
"57","≥1 Dose MMR","Texas",NA,"Urbanicity",88.6,1538,"Smaller City"
"58","DTaP","Texas","≥4 Doses","Urbanicity",79.2,2786,"Larger City"
"59","DTaP","Texas","≥4 Doses","Urbanicity",79.7,1538,"Smaller City"
"60","DTaP","Texas","≥4 Doses","Urbanicity",74.8,225,"Rural"
"61","≥1 Dose MMR","Texas",NA,"Urbanicity",86.5,225,"Rural"
"62","Hep A","Texas","≥2 Doses","Urbanicity",82.4,2786,"Larger City"
"63","≥1 Dose Varicella","Texas",NA,"Urbanicity",88.6,1538,"Smaller City"
"64","≥1 Dose Varicella","Texas",NA,"Urbanicity",87.1,225,"Rural"
"65","Hep B","Texas","≥3 Doses","Urbanicity",89.3,2786,"Larger City"
"66","≥1 Dose Varicella","Texas",NA,"Urbanicity",89.9,2786,"Larger City"
"67","Hib","Texas","Full Series","Urbanicity",76.9,1538,"Smaller City"
"68","Hib","Texas","Full Series","Urbanicity",78.1,2786,"Larger City"
"69","≥1 Dose MMR","Texas",NA,"Urbanicity",90.7,2786,"Larger City"
"70","Hib","Texas","Full Series","Urbanicity",79.1,225,"Rural"
"71","PCV","Texas","≥4 Doses","Urbanicity",82.3,2786,"Larger City"
"72","PCV","Texas","≥4 Doses","Urbanicity",80.1,225,"Rural"
"73","PCV","Texas","≥4 Doses","Urbanicity",80.9,1538,"Smaller City"
"74","Hep B","Texas","≥3 Doses","Urbanicity",88.1,225,"Rural"
"75","Hep B","Texas","≥3 Doses","Urbanicity",87.6,1538,"Smaller City"
"76","Hep A","Texas","≥2 Doses","Urbanicity",80.2,1538,"Smaller City"
"77","Hep A","Texas","≥2 Doses","Urbanicity",75.9,225,"Rural"
"78","Hep B","Utah","≥3 Doses","Urbanicity",93.1,366,"Larger City"
"79","Hep A","Utah","≥2 Doses","Urbanicity",76.2,366,"Larger City"
"80","Hep A","Utah","≥2 Doses","Urbanicity",50.6,71,"Rural"
"81","≥1 Dose Varicella","Utah",NA,"Urbanicity",92,366,"Larger City"
"82","≥1 Dose Varicella","Utah",NA,"Urbanicity",85.3,71,"Rural"
"83","≥1 Dose Varicella","Utah",NA,"Urbanicity",90.3,591,"Smaller City"
"84","Hep B","Utah","≥3 Doses","Urbanicity",95.7,591,"Smaller City"
"85","DTaP","Utah","≥4 Doses","Urbanicity",86.7,591,"Smaller City"
"86","DTaP","Utah","≥4 Doses","Urbanicity",83.1,366,"Larger City"
"87","≥1 Dose MMR","Utah",NA,"Urbanicity",92.6,591,"Smaller City"
"88","DTaP","Utah","≥4 Doses","Urbanicity",76.9,71,"Rural"
"89","≥1 Dose MMR","Utah",NA,"Urbanicity",89.9,71,"Rural"
"90","Hep A","Utah","≥2 Doses","Urbanicity",85,591,"Smaller City"
"91","Hib","Utah","Full Series","Urbanicity",82.8,366,"Larger City"
"92","Hib","Utah","Full Series","Urbanicity",69.3,71,"Rural"
"93","Hib","Utah","Full Series","Urbanicity",83.6,591,"Smaller City"
"94","≥1 Dose MMR","Utah",NA,"Urbanicity",90.8,366,"Larger City"
"95","PCV","Utah","≥4 Doses","Urbanicity",70.8,71,"Rural"
"96","PCV","Utah","≥4 Doses","Urbanicity",87.3,591,"Smaller City"
"97","PCV","Utah","≥4 Doses","Urbanicity",85,366,"Larger City"
"98","Hep B","Utah","≥3 Doses","Urbanicity",82.4,71,"Rural"
"99","DTaP","Indiana","≥4 Doses","Urbanicity",84.3,336,"Smaller City"
"100","DTaP","Indiana","≥4 Doses","Urbanicity",66.1,178,"Rural"
"101","≥1 Dose MMR","Indiana",NA,"Urbanicity",85.4,178,"Rural"
"102","Hep A","Indiana","≥2 Doses","Urbanicity",77.4,336,"Smaller City"
"103","≥1 Dose Varicella","Indiana",NA,"Urbanicity",88.6,481,"Larger City"
"104","Hib","Indiana","Full Series","Urbanicity",66.4,178,"Rural"
"105","≥1 Dose MMR","Indiana",NA,"Urbanicity",88,336,"Smaller City"
"106","Hib","Indiana","Full Series","Urbanicity",81.5,336,"Smaller City"
"107","Hib","Indiana","Full Series","Urbanicity",78.7,481,"Larger City"
"108","PCV","Indiana","≥4 Doses","Urbanicity",70.1,178,"Rural"
"109","PCV","Indiana","≥4 Doses","Urbanicity",83.7,336,"Smaller City"
"110","DTaP","Indiana","≥4 Doses","Urbanicity",80.5,481,"Larger City"
"111","≥1 Dose Varicella","Indiana",NA,"Urbanicity",89.5,336,"Smaller City"
"112","Hep B","Indiana","≥3 Doses","Urbanicity",93.5,178,"Rural"
"113","PCV","Indiana","≥4 Doses","Urbanicity",79.9,481,"Larger City"
"114","≥1 Dose MMR","Indiana",NA,"Urbanicity",89.1,481,"Larger City"
"115","Hep B","Indiana","≥3 Doses","Urbanicity",92.4,481,"Larger City"
"116","Hep A","Indiana","≥2 Doses","Urbanicity",78.8,481,"Larger City"
"117","Hep A","Indiana","≥2 Doses","Urbanicity",63.1,178,"Rural"
"118","≥1 Dose Varicella","Indiana",NA,"Urbanicity",87.6,178,"Rural"
"119","Hep B","Indiana","≥3 Doses","Urbanicity",92,336,"Smaller City"
"120","PCV","Oklahoma","≥4 Doses","Urbanicity",82.4,261,"Larger City"
"121","Hep B","Oklahoma","≥3 Doses","Urbanicity",92.9,261,"Larger City"
"122","DTaP","Oklahoma","≥4 Doses","Urbanicity",79.4,261,"Larger City"
"123","DTaP","Oklahoma","≥4 Doses","Urbanicity",78.4,339,"Smaller City"
"124","DTaP","Oklahoma","≥4 Doses","Urbanicity",76.3,271,"Rural"
"125","Hep A","Oklahoma","≥2 Doses","Urbanicity",78.1,261,"Larger City"
"126","≥1 Dose MMR","Oklahoma",NA,"Urbanicity",84.1,271,"Rural"
"127","Hep A","Oklahoma","≥2 Doses","Urbanicity",72.9,339,"Smaller City"
"128","Hib","Oklahoma","Full Series","Urbanicity",79.8,261,"Larger City"
"129","Hep A","Oklahoma","≥2 Doses","Urbanicity",72.1,271,"Rural"
"130","≥1 Dose Varicella","Oklahoma",NA,"Urbanicity",87.6,261,"Larger City"
"131","≥1 Dose Varicella","Oklahoma",NA,"Urbanicity",85.8,271,"Rural"
"132","Hep B","Oklahoma","≥3 Doses","Urbanicity",89.6,339,"Smaller City"
"133","Hib","Oklahoma","Full Series","Urbanicity",75.4,339,"Smaller City"
"134","Hib","Oklahoma","Full Series","Urbanicity",77.2,271,"Rural"
"135","≥1 Dose MMR","Oklahoma",NA,"Urbanicity",88.5,261,"Larger City"
"136","≥1 Dose MMR","Oklahoma",NA,"Urbanicity",90.2,339,"Smaller City"
"137","PCV","Oklahoma","≥4 Doses","Urbanicity",77.7,339,"Smaller City"
"138","PCV","Oklahoma","≥4 Doses","Urbanicity",78,271,"Rural"
"139","≥1 Dose Varicella","Oklahoma",NA,"Urbanicity",86.6,339,"Smaller City"
"140","Hep B","Oklahoma","≥3 Doses","Urbanicity",84.5,271,"Rural"
"141","≥1 Dose Varicella","Georgia",NA,"Urbanicity",93.1,99,"Rural"
"142","Hep B","Georgia","≥3 Doses","Urbanicity",93.4,575,"Smaller City"
"143","PCV","Georgia","≥4 Doses","Urbanicity",82.2,393,"Larger City"
"144","≥1 Dose MMR","Georgia",NA,"Urbanicity",91.2,393,"Larger City"
"145","Hep B","Georgia","≥3 Doses","Urbanicity",91.8,393,"Larger City"
"146","≥1 Dose MMR","Georgia",NA,"Urbanicity",87.7,575,"Smaller City"
"147","Hib","Georgia","Full Series","Urbanicity",84.5,99,"Rural"
"148","Hib","Georgia","Full Series","Urbanicity",74.4,575,"Smaller City"
"149","Hib","Georgia","Full Series","Urbanicity",74.9,393,"Larger City"
"150","Hep A","Georgia","≥2 Doses","Urbanicity",79.7,393,"Larger City"
"151","≥1 Dose MMR","Georgia",NA,"Urbanicity",93.5,99,"Rural"
"152","DTaP","Georgia","≥4 Doses","Urbanicity",81.8,99,"Rural"
"153","DTaP","Georgia","≥4 Doses","Urbanicity",74.8,575,"Smaller City"
"154","Hep A","Georgia","≥2 Doses","Urbanicity",76.7,575,"Smaller City"
"155","PCV","Georgia","≥4 Doses","Urbanicity",84.7,99,"Rural"
"156","PCV","Georgia","≥4 Doses","Urbanicity",78.2,575,"Smaller City"
"157","DTaP","Georgia","≥4 Doses","Urbanicity",76.3,393,"Larger City"
"158","≥1 Dose Varicella","Georgia",NA,"Urbanicity",88.8,575,"Smaller City"
"159","Hep B","Georgia","≥3 Doses","Urbanicity",96.7,99,"Rural"
"160","Hep A","Georgia","≥2 Doses","Urbanicity",79.1,99,"Rural"
"161","≥1 Dose Varicella","Georgia",NA,"Urbanicity",90.5,393,"Larger City"
"162","≥1 Dose Varicella","West Virginia",NA,"Urbanicity",88,284,"Larger City"
"163","Hib","West Virginia","Full Series","Urbanicity",75.6,284,"Larger City"
"164","Hib","West Virginia","Full Series","Urbanicity",72.5,329,"Rural"
"165","Hib","West Virginia","Full Series","Urbanicity",81.2,307,"Smaller City"
"166","≥1 Dose MMR","West Virginia",NA,"Urbanicity",89.5,284,"Larger City"
"167","PCV","West Virginia","≥4 Doses","Urbanicity",76.5,329,"Rural"
"168","PCV","West Virginia","≥4 Doses","Urbanicity",85.6,307,"Smaller City"
"169","PCV","West Virginia","≥4 Doses","Urbanicity",77.5,284,"Larger City"
"170","Hep B","West Virginia","≥3 Doses","Urbanicity",91.1,329,"Rural"
"171","Hep A","West Virginia","≥2 Doses","Urbanicity",74.7,284,"Larger City"
"172","Hep A","West Virginia","≥2 Doses","Urbanicity",79,329,"Rural"
"173","≥1 Dose Varicella","West Virginia",NA,"Urbanicity",89.5,329,"Rural"
"174","≥1 Dose Varicella","West Virginia",NA,"Urbanicity",91.3,307,"Smaller City"
"175","Hep B","West Virginia","≥3 Doses","Urbanicity",90.5,284,"Larger City"
"176","DTaP","West Virginia","≥4 Doses","Urbanicity",74.9,284,"Larger City"
"177","DTaP","West Virginia","≥4 Doses","Urbanicity",84.9,307,"Smaller City"
"178","≥1 Dose MMR","West Virginia",NA,"Urbanicity",91.8,307,"Smaller City"
"179","DTaP","West Virginia","≥4 Doses","Urbanicity",74.3,329,"Rural"
"180","≥1 Dose MMR","West Virginia",NA,"Urbanicity",86.6,329,"Rural"
"181","Hep A","West Virginia","≥2 Doses","Urbanicity",80.2,307,"Smaller City"
"182","Hep B","West Virginia","≥3 Doses","Urbanicity",94,307,"Smaller City"
"183","≥1 Dose Varicella","Colorado",NA,"Urbanicity",88.2,327,"Smaller City"
"184","DTaP","Colorado","≥4 Doses","Urbanicity",81.1,503,"Larger City"
"185","PCV","Colorado","≥4 Doses","Urbanicity",86.5,327,"Smaller City"
"186","PCV","Colorado","≥4 Doses","Urbanicity",74.4,94,"Rural"
"187","Hep A","Colorado","≥2 Doses","Urbanicity",79.4,503,"Larger City"
"188","Hep A","Colorado","≥2 Doses","Urbanicity",77.1,327,"Smaller City"
"189","Hib","Colorado","Full Series","Urbanicity",83.2,503,"Larger City"
"190","Hib","Colorado","Full Series","Urbanicity",82.6,327,"Smaller City"
"191","Hib","Colorado","Full Series","Urbanicity",65.1,94,"Rural"
"192","≥1 Dose MMR","Colorado",NA,"Urbanicity",90.9,327,"Smaller City"
"193","DTaP","Colorado","≥4 Doses","Urbanicity",79.9,327,"Smaller City"
"194","≥1 Dose MMR","Colorado",NA,"Urbanicity",89.2,94,"Rural"
"195","DTaP","Colorado","≥4 Doses","Urbanicity",65.9,94,"Rural"
"196","Hep B","Colorado","≥3 Doses","Urbanicity",93,503,"Larger City"
"197","PCV","Colorado","≥4 Doses","Urbanicity",85,503,"Larger City"
"198","≥1 Dose Varicella","Colorado",NA,"Urbanicity",86.3,94,"Rural"
"199","≥1 Dose Varicella","Colorado",NA,"Urbanicity",92.1,503,"Larger City"
"200","Hep B","Colorado","≥3 Doses","Urbanicity",89.4,94,"Rural"
"201","Hep A","Colorado","≥2 Doses","Urbanicity",78.8,94,"Rural"
"202","≥1 Dose MMR","Colorado",NA,"Urbanicity",92.4,503,"Larger City"
"203","Hep B","Colorado","≥3 Doses","Urbanicity",91.8,327,"Smaller City"
"204","≥1 Dose MMR","Ohio",NA,"Urbanicity",87.1,187,"Rural"
"205","Hep A","Ohio","≥2 Doses","Urbanicity",78,455,"Larger City"
"206","PCV","Ohio","≥4 Doses","Urbanicity",79.3,455,"Larger City"
"207","Hep B","Ohio","≥3 Doses","Urbanicity",89.4,568,"Smaller City"
"208","≥1 Dose Varicella","Ohio",NA,"Urbanicity",87.9,568,"Smaller City"
"209","PCV","Ohio","≥4 Doses","Urbanicity",73.3,187,"Rural"
"210","PCV","Ohio","≥4 Doses","Urbanicity",83.9,568,"Smaller City"
"211","≥1 Dose MMR","Ohio",NA,"Urbanicity",87.8,568,"Smaller City"
"212","≥1 Dose MMR","Ohio",NA,"Urbanicity",89.6,455,"Larger City"
"213","Hib","Ohio","Full Series","Urbanicity",76.4,187,"Rural"
"214","Hib","Ohio","Full Series","Urbanicity",77.3,568,"Smaller City"
"215","Hep A","Ohio","≥2 Doses","Urbanicity",68,187,"Rural"
"216","Hib","Ohio","Full Series","Urbanicity",78.8,455,"Larger City"
"217","Hep A","Ohio","≥2 Doses","Urbanicity",85.4,568,"Smaller City"
"218","DTaP","Ohio","≥4 Doses","Urbanicity",75.2,187,"Rural"
"219","DTaP","Ohio","≥4 Doses","Urbanicity",80.1,568,"Smaller City"
"220","DTaP","Ohio","≥4 Doses","Urbanicity",79.9,455,"Larger City"
"221","Hep B","Ohio","≥3 Doses","Urbanicity",93.2,455,"Larger City"
"222","≥1 Dose Varicella","Ohio",NA,"Urbanicity",86.1,187,"Rural"
"223","≥1 Dose Varicella","Ohio",NA,"Urbanicity",89.8,455,"Larger City"
"224","Hep B","Ohio","≥3 Doses","Urbanicity",93.7,187,"Rural"
"225","≥1 Dose Varicella","South Dakota",NA,"Urbanicity",91.4,632,"Rural"
"226","Hep B","South Dakota","≥3 Doses","Urbanicity",91.7,378,"Larger City"
"227","≥1 Dose MMR","South Dakota",NA,"Urbanicity",88.2,165,"Smaller City"
"228","DTaP","South Dakota","≥4 Doses","Urbanicity",76.5,378,"Larger City"
"229","DTaP","South Dakota","≥4 Doses","Urbanicity",77,165,"Smaller City"
"230","DTaP","South Dakota","≥4 Doses","Urbanicity",77.3,632,"Rural"
"231","≥1 Dose MMR","South Dakota",NA,"Urbanicity",93.3,632,"Rural"
"232","Hep A","South Dakota","≥2 Doses","Urbanicity",81.6,378,"Larger City"
"233","Hep B","South Dakota","≥3 Doses","Urbanicity",88.9,165,"Smaller City"
"234","Hep A","South Dakota","≥2 Doses","Urbanicity",76.1,165,"Smaller City"
"235","≥1 Dose Varicella","South Dakota",NA,"Urbanicity",86.3,165,"Smaller City"
"236","≥1 Dose Varicella","South Dakota",NA,"Urbanicity",89.9,378,"Larger City"
"237","Hib","South Dakota","Full Series","Urbanicity",74.7,378,"Larger City"
"238","≥1 Dose MMR","South Dakota",NA,"Urbanicity",88.7,378,"Larger City"
"239","Hib","South Dakota","Full Series","Urbanicity",75.4,632,"Rural"
"240","Hib","South Dakota","Full Series","Urbanicity",76.4,165,"Smaller City"
"241","PCV","South Dakota","≥4 Doses","Urbanicity",83.1,378,"Larger City"
"242","PCV","South Dakota","≥4 Doses","Urbanicity",81.5,632,"Rural"
"243","PCV","South Dakota","≥4 Doses","Urbanicity",80.5,165,"Smaller City"
"244","Hep B","South Dakota","≥3 Doses","Urbanicity",94.6,632,"Rural"
"245","Hep A","South Dakota","≥2 Doses","Urbanicity",75.8,632,"Rural"
"246","≥1 Dose MMR","Kentucky",NA,"Urbanicity",93.1,340,"Larger City"
"247","PCV","Kentucky","≥4 Doses","Urbanicity",86.2,340,"Larger City"
"248","Hep B","Kentucky","≥3 Doses","Urbanicity",91.8,262,"Smaller City"
"249","≥1 Dose Varicella","Kentucky",NA,"Urbanicity",89.8,262,"Smaller City"
"250","DTaP","Kentucky","≥4 Doses","Urbanicity",86,340,"Larger City"
"251","PCV","Kentucky","≥4 Doses","Urbanicity",81.9,262,"Smaller City"
"252","PCV","Kentucky","≥4 Doses","Urbanicity",80.7,242,"Rural"
"253","Hib","Kentucky","Full Series","Urbanicity",83,340,"Larger City"
"254","Hib","Kentucky","Full Series","Urbanicity",82.1,262,"Smaller City"
"255","Hep A","Kentucky","≥2 Doses","Urbanicity",64,242,"Rural"
"256","≥1 Dose MMR","Kentucky",NA,"Urbanicity",89.8,262,"Smaller City"
"257","Hib","Kentucky","Full Series","Urbanicity",78.5,242,"Rural"
"258","Hep A","Kentucky","≥2 Doses","Urbanicity",83.5,340,"Larger City"
"259","Hep A","Kentucky","≥2 Doses","Urbanicity",77,262,"Smaller City"
"260","≥1 Dose MMR","Kentucky",NA,"Urbanicity",86.3,242,"Rural"
"261","DTaP","Kentucky","≥4 Doses","Urbanicity",79.3,242,"Rural"
"262","DTaP","Kentucky","≥4 Doses","Urbanicity",82.8,262,"Smaller City"
"263","Hep B","Kentucky","≥3 Doses","Urbanicity",93.7,340,"Larger City"
"264","≥1 Dose Varicella","Kentucky",NA,"Urbanicity",86.8,242,"Rural"
"265","≥1 Dose Varicella","Kentucky",NA,"Urbanicity",93.5,340,"Larger City"
"266","Hep B","Kentucky","≥3 Doses","Urbanicity",91.1,242,"Rural"
"267","≥1 Dose Varicella","Virginia",NA,"Urbanicity",94.7,51,"Rural"
"268","≥1 Dose Varicella","Virginia",NA,"Urbanicity",92.2,847,"Smaller City"
"269","Hep B","Virginia","≥3 Doses","Urbanicity",91.4,740,"Larger City"
"270","DTaP","Virginia","≥4 Doses","Urbanicity",86,740,"Larger City"
"271","DTaP","Virginia","≥4 Doses","Urbanicity",88.2,847,"Smaller City"
"272","≥1 Dose MMR","Virginia",NA,"Urbanicity",94.3,847,"Smaller City"
"273","DTaP","Virginia","≥4 Doses","Urbanicity",80.7,51,"Rural"
"274","≥1 Dose MMR","Virginia",NA,"Urbanicity",90.8,51,"Rural"
"275","Hep A","Virginia","≥2 Doses","Urbanicity",78.8,847,"Smaller City"
"276","Hib","Virginia","Full Series","Urbanicity",82.5,740,"Larger City"
"277","Hib","Virginia","Full Series","Urbanicity",73.9,51,"Rural"
"278","Hib","Virginia","Full Series","Urbanicity",85.1,847,"Smaller City"
"279","≥1 Dose MMR","Virginia",NA,"Urbanicity",93.2,740,"Larger City"
"280","PCV","Virginia","≥4 Doses","Urbanicity",88.7,51,"Rural"
"281","PCV","Virginia","≥4 Doses","Urbanicity",88.7,847,"Smaller City"
"282","PCV","Virginia","≥4 Doses","Urbanicity",87.9,740,"Larger City"
"283","Hep B","Virginia","≥3 Doses","Urbanicity",90.3,51,"Rural"
"284","Hep B","Virginia","≥3 Doses","Urbanicity",94.8,847,"Smaller City"
"285","Hep A","Virginia","≥2 Doses","Urbanicity",81.9,740,"Larger City"
"286","Hep A","Virginia","≥2 Doses","Urbanicity",77.3,51,"Rural"
"287","≥1 Dose Varicella","Virginia",NA,"Urbanicity",92,740,"Larger City"
"288","Hep A","Alaska","≥2 Doses","Urbanicity",65,173,"Smaller City"
"289","Hib","Alaska","Full Series","Urbanicity",80.3,490,"Larger City"
"290","Hib","Alaska","Full Series","Urbanicity",72,173,"Smaller City"
"291","Hib","Alaska","Full Series","Urbanicity",76.5,269,"Rural"
"292","≥1 Dose MMR","Alaska",NA,"Urbanicity",83.4,173,"Smaller City"
"293","≥1 Dose MMR","Alaska",NA,"Urbanicity",86.4,269,"Rural"
"294","DTaP","Alaska","≥4 Doses","Urbanicity",64.9,173,"Smaller City"
"295","DTaP","Alaska","≥4 Doses","Urbanicity",71.9,269,"Rural"
"296","≥1 Dose MMR","Alaska",NA,"Urbanicity",88.5,490,"Larger City"
"297","Hep B","Alaska","≥3 Doses","Urbanicity",90.2,490,"Larger City"
"298","DTaP","Alaska","≥4 Doses","Urbanicity",80.9,490,"Larger City"
"299","PCV","Alaska","≥4 Doses","Urbanicity",68.4,173,"Smaller City"
"300","PCV","Alaska","≥4 Doses","Urbanicity",73,269,"Rural"
"301","Hep A","Alaska","≥2 Doses","Urbanicity",75.4,490,"Larger City"
"302","≥1 Dose Varicella","Alaska",NA,"Urbanicity",75.3,173,"Smaller City"
"303","Hep B","Alaska","≥3 Doses","Urbanicity",87.6,269,"Rural"
"304","Hep A","Alaska","≥2 Doses","Urbanicity",71.8,269,"Rural"
"305","Hep B","Alaska","≥3 Doses","Urbanicity",85,173,"Smaller City"
"306","PCV","Alaska","≥4 Doses","Urbanicity",79.7,490,"Larger City"
"307","≥1 Dose Varicella","Alaska",NA,"Urbanicity",81.9,269,"Rural"
"308","≥1 Dose Varicella","Alaska",NA,"Urbanicity",87.4,490,"Larger City"
"309","PCV","South Carolina","≥4 Doses","Urbanicity",83.9,508,"Smaller City"
"310","PCV","South Carolina","≥4 Doses","Urbanicity",71.8,80,"Rural"
"311","PCV","South Carolina","≥4 Doses","Urbanicity",85.8,374,"Larger City"
"312","Hib","South Carolina","Full Series","Urbanicity",76.2,508,"Smaller City"
"313","Hib","South Carolina","Full Series","Urbanicity",62.8,80,"Rural"
"314","≥1 Dose MMR","South Carolina",NA,"Urbanicity",90.3,374,"Larger City"
"315","Hib","South Carolina","Full Series","Urbanicity",81.3,374,"Larger City"
"316","Hep A","South Carolina","≥2 Doses","Urbanicity",68,80,"Rural"
"317","Hep A","South Carolina","≥2 Doses","Urbanicity",87.4,508,"Smaller City"
"318","≥1 Dose MMR","South Carolina",NA,"Urbanicity",81.4,80,"Rural"
"319","DTaP","South Carolina","≥4 Doses","Urbanicity",70.3,80,"Rural"
"320","DTaP","South Carolina","≥4 Doses","Urbanicity",80.2,508,"Smaller City"
"321","DTaP","South Carolina","≥4 Doses","Urbanicity",82.5,374,"Larger City"
"322","≥1 Dose MMR","South Carolina",NA,"Urbanicity",91.5,508,"Smaller City"
"323","Hep B","South Carolina","≥3 Doses","Urbanicity",94,508,"Smaller City"
"324","Hep A","South Carolina","≥2 Doses","Urbanicity",83.9,374,"Larger City"
"325","Hep B","South Carolina","≥3 Doses","Urbanicity",93.1,374,"Larger City"
"326","≥1 Dose Varicella","South Carolina",NA,"Urbanicity",90.7,374,"Larger City"
"327","≥1 Dose Varicella","South Carolina",NA,"Urbanicity",91.2,508,"Smaller City"
"328","Hep B","South Carolina","≥3 Doses","Urbanicity",91.2,80,"Rural"
"329","≥1 Dose Varicella","South Carolina",NA,"Urbanicity",81.4,80,"Rural"
"330","PCV","Louisiana","≥4 Doses","Urbanicity",78,541,"Larger City"
"331","≥1 Dose MMR","Louisiana",NA,"Urbanicity",89.7,541,"Larger City"
"332","Hep B","Louisiana","≥3 Doses","Urbanicity",91,541,"Larger City"
"333","DTaP","Louisiana","≥4 Doses","Urbanicity",80.6,587,"Smaller City"
"334","DTaP","Louisiana","≥4 Doses","Urbanicity",58.7,172,"Rural"
"335","≥1 Dose MMR","Louisiana",NA,"Urbanicity",90.1,172,"Rural"
"336","Hep A","Louisiana","≥2 Doses","Urbanicity",71.1,587,"Smaller City"
"337","≥1 Dose Varicella","Louisiana",NA,"Urbanicity",90.1,541,"Larger City"
"338","≥1 Dose Varicella","Louisiana",NA,"Urbanicity",89.3,172,"Rural"
"339","Hep B","Louisiana","≥3 Doses","Urbanicity",93.9,587,"Smaller City"
"340","Hib","Louisiana","Full Series","Urbanicity",80,587,"Smaller City"
"341","Hib","Louisiana","Full Series","Urbanicity",75.1,541,"Larger City"
"342","PCV","Louisiana","≥4 Doses","Urbanicity",65.4,172,"Rural"
"343","PCV","Louisiana","≥4 Doses","Urbanicity",80.4,587,"Smaller City"
"344","DTaP","Louisiana","≥4 Doses","Urbanicity",75.7,541,"Larger City"
"345","≥1 Dose Varicella","Louisiana",NA,"Urbanicity",92.8,587,"Smaller City"
"346","Hep B","Louisiana","≥3 Doses","Urbanicity",90.6,172,"Rural"
"347","Hep A","Louisiana","≥2 Doses","Urbanicity",71.5,541,"Larger City"
"348","Hib","Louisiana","Full Series","Urbanicity",67.6,172,"Rural"
"349","≥1 Dose MMR","Louisiana",NA,"Urbanicity",93.7,587,"Smaller City"
"350","Hep A","Louisiana","≥2 Doses","Urbanicity",62.1,172,"Rural"
"351","≥1 Dose Varicella","Michigan",NA,"Urbanicity",87.4,219,"Rural"
"352","Hep B","Michigan","≥3 Doses","Urbanicity",93.6,669,"Smaller City"
"353","DTaP","Michigan","≥4 Doses","Urbanicity",84.6,669,"Smaller City"
"354","DTaP","Michigan","≥4 Doses","Urbanicity",81,219,"Rural"
"355","DTaP","Michigan","≥4 Doses","Urbanicity",79.6,429,"Larger City"
"356","≥1 Dose MMR","Michigan",NA,"Urbanicity",88.1,219,"Rural"
"357","Hep A","Michigan","≥2 Doses","Urbanicity",85.8,669,"Smaller City"
"358","PCV","Michigan","≥4 Doses","Urbanicity",83.4,429,"Larger City"
"359","≥1 Dose MMR","Michigan",NA,"Urbanicity",92.8,429,"Larger City"
"360","Hep B","Michigan","≥3 Doses","Urbanicity",92.6,429,"Larger City"
"361","Hep A","Michigan","≥2 Doses","Urbanicity",84.2,429,"Larger City"
"362","PCV","Michigan","≥4 Doses","Urbanicity",84.8,669,"Smaller City"
"363","PCV","Michigan","≥4 Doses","Urbanicity",85.2,219,"Rural"
"364","≥1 Dose Varicella","Michigan",NA,"Urbanicity",93.4,669,"Smaller City"
"365","Hep B","Michigan","≥3 Doses","Urbanicity",91.7,219,"Rural"
"366","≥1 Dose Varicella","Michigan",NA,"Urbanicity",92.7,429,"Larger City"
"367","≥1 Dose MMR","Michigan",NA,"Urbanicity",93.3,669,"Smaller City"
"368","Hib","Michigan","Full Series","Urbanicity",80,219,"Rural"
"369","Hib","Michigan","Full Series","Urbanicity",81.7,669,"Smaller City"
"370","Hib","Michigan","Full Series","Urbanicity",82,429,"Larger City"
"371","Hep A","Michigan","≥2 Doses","Urbanicity",84.6,219,"Rural"
"372","≥1 Dose Varicella","Vermont",NA,"Urbanicity",88.1,115,"Larger City"
"373","Hep B","Vermont","≥3 Doses","Urbanicity",92.4,673,"Rural"
"374","≥1 Dose Varicella","Vermont",NA,"Urbanicity",92.7,335,"Smaller City"
"375","≥1 Dose Varicella","Vermont",NA,"Urbanicity",91.4,673,"Rural"
"376","PCV","Vermont","≥4 Doses","Urbanicity",86.9,115,"Larger City"
"377","PCV","Vermont","≥4 Doses","Urbanicity",92.2,335,"Smaller City"
"378","PCV","Vermont","≥4 Doses","Urbanicity",87.6,673,"Rural"
"379","≥1 Dose MMR","Vermont",NA,"Urbanicity",89.3,115,"Larger City"
"380","Hib","Vermont","Full Series","Urbanicity",89.3,335,"Smaller City"
"381","Hib","Vermont","Full Series","Urbanicity",88.2,673,"Rural"
"382","Hib","Vermont","Full Series","Urbanicity",86.2,115,"Larger City"
"383","Hep A","Vermont","≥2 Doses","Urbanicity",77.8,673,"Rural"
"384","Hep A","Vermont","≥2 Doses","Urbanicity",77.1,115,"Larger City"
"385","Hep A","Vermont","≥2 Doses","Urbanicity",83.6,335,"Smaller City"
"386","≥1 Dose MMR","Vermont",NA,"Urbanicity",94.7,673,"Rural"
"387","DTaP","Vermont","≥4 Doses","Urbanicity",86.9,673,"Rural"
"388","≥1 Dose MMR","Vermont",NA,"Urbanicity",94.5,335,"Smaller City"
"389","DTaP","Vermont","≥4 Doses","Urbanicity",82.2,115,"Larger City"
"390","DTaP","Vermont","≥4 Doses","Urbanicity",88.1,335,"Smaller City"
"391","Hep B","Vermont","≥3 Doses","Urbanicity",89.4,115,"Larger City"
"392","Hep B","Vermont","≥3 Doses","Urbanicity",95.4,335,"Smaller City"
"393","≥1 Dose Varicella","Delaware",NA,"Urbanicity",92.4,296,"Larger City"
"394","≥1 Dose Varicella","Delaware",NA,"Urbanicity",91.1,623,"Smaller City"
"395","DTaP","Delaware","≥4 Doses","Urbanicity",82.6,296,"Larger City"
"396","PCV","Delaware","≥4 Doses","Urbanicity",84.7,623,"Smaller City"
"397","Hep A","Delaware","≥2 Doses","Urbanicity",79.8,296,"Larger City"
"398","PCV","Delaware","≥4 Doses","Urbanicity",86.5,296,"Larger City"
"399","≥1 Dose MMR","Delaware",NA,"Urbanicity",94,296,"Larger City"
"400","Hep B","Delaware","≥3 Doses","Urbanicity",91.8,623,"Smaller City"
"401","Hep A","Delaware","≥2 Doses","Urbanicity",82.1,623,"Smaller City"
"402","Hib","Delaware","Full Series","Urbanicity",78.7,296,"Larger City"
"403","Hib","Delaware","Full Series","Urbanicity",82.9,623,"Smaller City"
"404","≥1 Dose MMR","Delaware",NA,"Urbanicity",91.7,623,"Smaller City"
"405","DTaP","Delaware","≥4 Doses","Urbanicity",83.5,623,"Smaller City"
"406","Hep B","Delaware","≥3 Doses","Urbanicity",94,296,"Larger City"
"407","Hep B","Tennessee","≥3 Doses","Urbanicity",92.4,594,"Larger City"
"408","≥1 Dose Varicella","Tennessee",NA,"Urbanicity",91.1,594,"Larger City"
"409","Hep B","Tennessee","≥3 Doses","Urbanicity",93.1,196,"Rural"
"410","PCV","Tennessee","≥4 Doses","Urbanicity",84.9,386,"Smaller City"
"411","PCV","Tennessee","≥4 Doses","Urbanicity",77,196,"Rural"
"412","PCV","Tennessee","≥4 Doses","Urbanicity",78.9,594,"Larger City"
"413","Hib","Tennessee","Full Series","Urbanicity",81.8,196,"Rural"
"414","≥1 Dose MMR","Tennessee",NA,"Urbanicity",90.6,594,"Larger City"
"415","Hib","Tennessee","Full Series","Urbanicity",75.6,594,"Larger City"
"416","Hib","Tennessee","Full Series","Urbanicity",75.8,386,"Smaller City"
"417","Hep A","Tennessee","≥2 Doses","Urbanicity",88.2,196,"Rural"
"418","≥1 Dose MMR","Tennessee",NA,"Urbanicity",93.3,196,"Rural"
"419","DTaP","Tennessee","≥4 Doses","Urbanicity",76,196,"Rural"
"420","DTaP","Tennessee","≥4 Doses","Urbanicity",80.3,386,"Smaller City"
"421","DTaP","Tennessee","≥4 Doses","Urbanicity",78.8,594,"Larger City"
"422","≥1 Dose MMR","Tennessee",NA,"Urbanicity",93.1,386,"Smaller City"
"423","Hep B","Tennessee","≥3 Doses","Urbanicity",95.4,386,"Smaller City"
"424","Hep A","Tennessee","≥2 Doses","Urbanicity",84.3,386,"Smaller City"
"425","Hep A","Tennessee","≥2 Doses","Urbanicity",84.9,594,"Larger City"
"426","≥1 Dose Varicella","Tennessee",NA,"Urbanicity",93.2,196,"Rural"
"427","≥1 Dose Varicella","Tennessee",NA,"Urbanicity",92.6,386,"Smaller City"
"428","DTaP","Connecticut","≥4 Doses","Urbanicity",92.8,31,"Rural"
"429","≥1 Dose MMR","Connecticut",NA,"Urbanicity",96.9,31,"Rural"
"430","DTaP","Connecticut","≥4 Doses","Urbanicity",88.9,603,"Smaller City"
"431","≥1 Dose MMR","Connecticut",NA,"Urbanicity",95.9,603,"Smaller City"
"432","Hib","Connecticut","Full Series","Urbanicity",85,31,"Rural"
"433","Hib","Connecticut","Full Series","Urbanicity",90.7,603,"Smaller City"
"434","Hib","Connecticut","Full Series","Urbanicity",85.9,256,"Larger City"
"435","Hep A","Connecticut","≥2 Doses","Urbanicity",94.3,31,"Rural"
"436","≥1 Dose Varicella","Connecticut",NA,"Urbanicity",97.9,31,"Rural"
"437","PCV","Connecticut","≥4 Doses","Urbanicity",85.9,256,"Larger City"
"438","Hep B","Connecticut","≥3 Doses","Urbanicity",95.2,603,"Smaller City"
"439","Hep A","Connecticut","≥2 Doses","Urbanicity",81.7,256,"Larger City"
"440","PCV","Connecticut","≥4 Doses","Urbanicity",100,31,"Rural"
"441","PCV","Connecticut","≥4 Doses","Urbanicity",92.3,603,"Smaller City"
"442","DTaP","Connecticut","≥4 Doses","Urbanicity",86.8,256,"Larger City"
"443","≥1 Dose Varicella","Connecticut",NA,"Urbanicity",94.8,603,"Smaller City"
"444","Hep B","Connecticut","≥3 Doses","Urbanicity",92.6,31,"Rural"
"445","≥1 Dose Varicella","Connecticut",NA,"Urbanicity",91.1,256,"Larger City"
"446","≥1 Dose MMR","Connecticut",NA,"Urbanicity",91.4,256,"Larger City"
"447","Hep B","Connecticut","≥3 Doses","Urbanicity",93.8,256,"Larger City"
"448","Hep A","Connecticut","≥2 Doses","Urbanicity",89.1,603,"Smaller City"
"449","Hep B","Washington","≥3 Doses","Urbanicity",87.6,132,"Rural"
"450","PCV","Washington","≥4 Doses","Urbanicity",80.8,858,"Larger City"
"451","PCV","Washington","≥4 Doses","Urbanicity",82.8,554,"Smaller City"
"452","PCV","Washington","≥4 Doses","Urbanicity",80.7,132,"Rural"
"453","≥1 Dose MMR","Washington",NA,"Urbanicity",92.7,858,"Larger City"
"454","Hib","Washington","Full Series","Urbanicity",83.5,554,"Smaller City"
"455","Hib","Washington","Full Series","Urbanicity",77.7,132,"Rural"
"456","Hib","Washington","Full Series","Urbanicity",80.4,858,"Larger City"
"457","Hep A","Washington","≥2 Doses","Urbanicity",81.4,132,"Rural"
"458","≥1 Dose MMR","Washington",NA,"Urbanicity",86.4,132,"Rural"
"459","DTaP","Washington","≥4 Doses","Urbanicity",77.2,132,"Rural"
"460","≥1 Dose MMR","Washington",NA,"Urbanicity",90.9,554,"Smaller City"
"461","DTaP","Washington","≥4 Doses","Urbanicity",80.8,554,"Smaller City"
"462","DTaP","Washington","≥4 Doses","Urbanicity",83.1,858,"Larger City"
"463","Hep B","Washington","≥3 Doses","Urbanicity",89,858,"Larger City"
"464","≥1 Dose Varicella","Washington",NA,"Urbanicity",90.7,858,"Larger City"
"465","Hep B","Washington","≥3 Doses","Urbanicity",88.3,554,"Smaller City"
"466","≥1 Dose Varicella","Washington",NA,"Urbanicity",88.4,554,"Smaller City"
"467","≥1 Dose Varicella","Washington",NA,"Urbanicity",84,132,"Rural"
"468","Hep A","Washington","≥2 Doses","Urbanicity",79.1,858,"Larger City"
"469","Hep A","Washington","≥2 Doses","Urbanicity",73.4,554,"Smaller City"
"470","≥1 Dose MMR","Minnesota",NA,"Urbanicity",91.3,444,"Larger City"
"471","PCV","Minnesota","≥4 Doses","Urbanicity",85.5,444,"Larger City"
"472","Hep B","Minnesota","≥3 Doses","Urbanicity",91.9,361,"Smaller City"
"473","Hep A","Minnesota","≥2 Doses","Urbanicity",80.8,361,"Smaller City"
"474","Hib","Minnesota","Full Series","Urbanicity",79.6,444,"Larger City"
"475","Hib","Minnesota","Full Series","Urbanicity",83.2,200,"Rural"
"476","Hib","Minnesota","Full Series","Urbanicity",81.7,361,"Smaller City"
"477","≥1 Dose MMR","Minnesota",NA,"Urbanicity",93,361,"Smaller City"
"478","Hep A","Minnesota","≥2 Doses","Urbanicity",89.2,444,"Larger City"
"479","≥1 Dose MMR","Minnesota",NA,"Urbanicity",94.5,200,"Rural"
"480","DTaP","Minnesota","≥4 Doses","Urbanicity",83,444,"Larger City"
"481","DTaP","Minnesota","≥4 Doses","Urbanicity",81.8,200,"Rural"
"482","DTaP","Minnesota","≥4 Doses","Urbanicity",80.7,361,"Smaller City"
"483","Hep B","Minnesota","≥3 Doses","Urbanicity",96.5,444,"Larger City"
"484","≥1 Dose Varicella","Minnesota",NA,"Urbanicity",89.9,361,"Smaller City"
"485","PCV","Minnesota","≥4 Doses","Urbanicity",81.2,200,"Rural"
"486","PCV","Minnesota","≥4 Doses","Urbanicity",86.4,361,"Smaller City"
"487","Hep A","Minnesota","≥2 Doses","Urbanicity",80.5,200,"Rural"
"488","≥1 Dose Varicella","Minnesota",NA,"Urbanicity",93.2,200,"Rural"
"489","≥1 Dose Varicella","Minnesota",NA,"Urbanicity",91.2,444,"Larger City"
"490","Hep B","Minnesota","≥3 Doses","Urbanicity",90.5,200,"Rural"
"491","PCV","Wisconsin","≥4 Doses","Urbanicity",83.8,376,"Larger City"
"492","PCV","Wisconsin","≥4 Doses","Urbanicity",89.2,329,"Smaller City"
"493","PCV","Wisconsin","≥4 Doses","Urbanicity",72.1,178,"Rural"
"494","≥1 Dose MMR","Wisconsin",NA,"Urbanicity",90.1,376,"Larger City"
"495","Hib","Wisconsin","Full Series","Urbanicity",84.7,329,"Smaller City"
"496","Hib","Wisconsin","Full Series","Urbanicity",74.4,178,"Rural"
"497","Hib","Wisconsin","Full Series","Urbanicity",80.8,376,"Larger City"
"498","Hep A","Wisconsin","≥2 Doses","Urbanicity",65.8,178,"Rural"
"499","Hep B","Wisconsin","≥3 Doses","Urbanicity",85,178,"Rural"
"500","≥1 Dose Varicella","Wisconsin",NA,"Urbanicity",91,329,"Smaller City"
"501","≥1 Dose Varicella","Wisconsin",NA,"Urbanicity",78.2,178,"Rural"
"502","≥1 Dose MMR","Wisconsin",NA,"Urbanicity",82.9,178,"Rural"
"503","DTaP","Wisconsin","≥4 Doses","Urbanicity",72.8,178,"Rural"
"504","≥1 Dose MMR","Wisconsin",NA,"Urbanicity",93.3,329,"Smaller City"
"505","DTaP","Wisconsin","≥4 Doses","Urbanicity",80.8,376,"Larger City"
"506","DTaP","Wisconsin","≥4 Doses","Urbanicity",85.8,329,"Smaller City"
"507","Hep B","Wisconsin","≥3 Doses","Urbanicity",93.2,376,"Larger City"
"508","≥1 Dose Varicella","Wisconsin",NA,"Urbanicity",89,376,"Larger City"
"509","Hep B","Wisconsin","≥3 Doses","Urbanicity",93.7,329,"Smaller City"
"510","Hep A","Wisconsin","≥2 Doses","Urbanicity",76.3,376,"Larger City"
"511","Hep A","Wisconsin","≥2 Doses","Urbanicity",78.6,329,"Smaller City"
"512","Hep A","Illinois","≥2 Doses","Urbanicity",58.6,128,"Rural"
"513","Hep A","Illinois","≥2 Doses","Urbanicity",80.5,846,"Larger City"
"514","≥1 Dose MMR","Illinois",NA,"Urbanicity",91,846,"Larger City"
"515","PCV","Illinois","≥4 Doses","Urbanicity",83.5,846,"Larger City"
"516","Hep B","Illinois","≥3 Doses","Urbanicity",92.8,894,"Smaller City"
"517","DTaP","Illinois","≥4 Doses","Urbanicity",78.5,128,"Rural"
"518","DTaP","Illinois","≥4 Doses","Urbanicity",82.6,894,"Smaller City"
"519","≥1 Dose MMR","Illinois",NA,"Urbanicity",89.7,128,"Rural"
"520","Hep B","Illinois","≥3 Doses","Urbanicity",93,846,"Larger City"
"521","≥1 Dose Varicella","Illinois",NA,"Urbanicity",92.1,894,"Smaller City"
"522","DTaP","Illinois","≥4 Doses","Urbanicity",80.6,846,"Larger City"
"523","PCV","Illinois","≥4 Doses","Urbanicity",84.8,894,"Smaller City"
"524","PCV","Illinois","≥4 Doses","Urbanicity",80.7,128,"Rural"
"525","Hib","Illinois","Full Series","Urbanicity",79.1,846,"Larger City"
"526","Hib","Illinois","Full Series","Urbanicity",81.1,894,"Smaller City"
"527","Hib","Illinois","Full Series","Urbanicity",80.4,128,"Rural"
"528","≥1 Dose MMR","Illinois",NA,"Urbanicity",92,894,"Smaller City"
"529","Hep A","Illinois","≥2 Doses","Urbanicity",74.3,894,"Smaller City"
"530","≥1 Dose Varicella","Illinois",NA,"Urbanicity",91.8,846,"Larger City"
"531","Hep B","Illinois","≥3 Doses","Urbanicity",93.8,128,"Rural"
"532","≥1 Dose Varicella","Illinois",NA,"Urbanicity",88.5,128,"Rural"
"533","DTaP","Pennsylvania","≥4 Doses","Urbanicity",85.6,1038,"Larger City"
"534","≥1 Dose MMR","Pennsylvania",NA,"Urbanicity",94.3,1122,"Smaller City"
"535","DTaP","Pennsylvania","≥4 Doses","Urbanicity",86.9,1122,"Smaller City"
"536","DTaP","Pennsylvania","≥4 Doses","Urbanicity",72.4,51,"Rural"
"537","Hep A","Pennsylvania","≥2 Doses","Urbanicity",82.2,1038,"Larger City"
"538","≥1 Dose Varicella","Pennsylvania",NA,"Urbanicity",91.9,51,"Rural"
"539","Hep B","Pennsylvania","≥3 Doses","Urbanicity",94.5,1122,"Smaller City"
"540","Hep B","Pennsylvania","≥3 Doses","Urbanicity",94.1,1038,"Larger City"
"541","≥1 Dose Varicella","Pennsylvania",NA,"Urbanicity",94.4,1122,"Smaller City"
"542","≥1 Dose Varicella","Pennsylvania",NA,"Urbanicity",94.4,1038,"Larger City"
"543","Hib","Pennsylvania","Full Series","Urbanicity",84.6,1122,"Smaller City"
"544","Hib","Pennsylvania","Full Series","Urbanicity",79.7,51,"Rural"
"545","≥1 Dose MMR","Pennsylvania",NA,"Urbanicity",95.5,1038,"Larger City"
"546","PCV","Pennsylvania","≥4 Doses","Urbanicity",86.8,1038,"Larger City"
"547","PCV","Pennsylvania","≥4 Doses","Urbanicity",88.9,1122,"Smaller City"
"548","PCV","Pennsylvania","≥4 Doses","Urbanicity",80.8,51,"Rural"
"549","Hep B","Pennsylvania","≥3 Doses","Urbanicity",94.9,51,"Rural"
"550","≥1 Dose MMR","Pennsylvania",NA,"Urbanicity",91.7,51,"Rural"
"551","Hep A","Pennsylvania","≥2 Doses","Urbanicity",84.7,1122,"Smaller City"
"552","Hib","Pennsylvania","Full Series","Urbanicity",84.8,1038,"Larger City"
"553","Hep A","Pennsylvania","≥2 Doses","Urbanicity",81.8,51,"Rural"
"554","≥1 Dose Varicella","Missouri",NA,"Urbanicity",92.5,547,"Larger City"
"555","Hep B","Missouri","≥3 Doses","Urbanicity",81.9,252,"Rural"
"556","≥1 Dose Varicella","Missouri",NA,"Urbanicity",89.6,487,"Smaller City"
"557","PCV","Missouri","≥4 Doses","Urbanicity",66.7,252,"Rural"
"558","PCV","Missouri","≥4 Doses","Urbanicity",80.9,487,"Smaller City"
"559","Hep A","Missouri","≥2 Doses","Urbanicity",52.7,252,"Rural"
"560","Hib","Missouri","Full Series","Urbanicity",79.8,547,"Larger City"
"561","Hib","Missouri","Full Series","Urbanicity",61.9,252,"Rural"
"562","Hib","Missouri","Full Series","Urbanicity",76.4,487,"Smaller City"
"563","≥1 Dose MMR","Missouri",NA,"Urbanicity",90.3,487,"Smaller City"
"564","Hep A","Missouri","≥2 Doses","Urbanicity",83.1,547,"Larger City"
"565","≥1 Dose Varicella","Missouri",NA,"Urbanicity",77,252,"Rural"
"566","≥1 Dose MMR","Missouri",NA,"Urbanicity",77.4,252,"Rural"
"567","DTaP","Missouri","≥4 Doses","Urbanicity",81.4,547,"Larger City"
"568","DTaP","Missouri","≥4 Doses","Urbanicity",62.8,252,"Rural"
"569","DTaP","Missouri","≥4 Doses","Urbanicity",79,487,"Smaller City"
"570","Hep B","Missouri","≥3 Doses","Urbanicity",90.9,547,"Larger City"
"571","Hep A","Missouri","≥2 Doses","Urbanicity",72.5,487,"Smaller City"
"572","≥1 Dose MMR","Missouri",NA,"Urbanicity",91.8,547,"Larger City"
"573","PCV","Missouri","≥4 Doses","Urbanicity",81.5,547,"Larger City"
"574","Hep B","Missouri","≥3 Doses","Urbanicity",93.1,487,"Smaller City"
"575","Hep A","Nevada","≥2 Doses","Urbanicity",80.1,940,"Larger City"
"576","≥1 Dose Varicella","Nevada",NA,"Urbanicity",91.8,940,"Larger City"
"577","PCV","Nevada","≥4 Doses","Urbanicity",72.9,208,"Smaller City"
"578","PCV","Nevada","≥4 Doses","Urbanicity",77.4,119,"Rural"
"579","≥1 Dose Varicella","Nevada",NA,"Urbanicity",89.3,208,"Smaller City"
"580","Hep B","Nevada","≥3 Doses","Urbanicity",93.8,119,"Rural"
"581","PCV","Nevada","≥4 Doses","Urbanicity",80,940,"Larger City"
"582","≥1 Dose MMR","Nevada",NA,"Urbanicity",91.7,940,"Larger City"
"583","Hep B","Nevada","≥3 Doses","Urbanicity",90.9,940,"Larger City"
"584","≥1 Dose Varicella","Nevada",NA,"Urbanicity",89.2,119,"Rural"
"585","Hep B","Nevada","≥3 Doses","Urbanicity",93.3,208,"Smaller City"
"586","DTaP","Nevada","≥4 Doses","Urbanicity",76,208,"Smaller City"
"587","DTaP","Nevada","≥4 Doses","Urbanicity",79.3,940,"Larger City"
"588","DTaP","Nevada","≥4 Doses","Urbanicity",72.4,119,"Rural"
"589","Hep A","Nevada","≥2 Doses","Urbanicity",83.1,208,"Smaller City"
"590","≥1 Dose MMR","Nevada",NA,"Urbanicity",88.3,119,"Rural"
"591","≥1 Dose MMR","Nevada",NA,"Urbanicity",91,208,"Smaller City"
"592","Hib","Nevada","Full Series","Urbanicity",76.2,208,"Smaller City"
"593","Hib","Nevada","Full Series","Urbanicity",77.6,119,"Rural"
"594","Hib","Nevada","Full Series","Urbanicity",77.5,940,"Larger City"
"595","Hep A","Nevada","≥2 Doses","Urbanicity",81.6,119,"Rural"
"596","≥1 Dose Varicella","New York",NA,"Urbanicity",92.3,101,"Rural"
"597","Hep B","New York","≥3 Doses","Urbanicity",91.9,580,"Smaller City"
"598","PCV","New York","≥4 Doses","Urbanicity",77.7,1621,"Larger City"
"599","Hep B","New York","≥3 Doses","Urbanicity",88.7,1621,"Larger City"
"600","DTaP","New York","≥4 Doses","Urbanicity",81.3,580,"Smaller City"
"601","DTaP","New York","≥4 Doses","Urbanicity",79.3,1621,"Larger City"
"602","DTaP","New York","≥4 Doses","Urbanicity",83.4,101,"Rural"
"603","Hep A","New York","≥2 Doses","Urbanicity",76.8,580,"Smaller City"
"604","≥1 Dose MMR","New York",NA,"Urbanicity",90.4,1621,"Larger City"
"605","≥1 Dose MMR","New York",NA,"Urbanicity",93,580,"Smaller City"
"606","Hib","New York","Full Series","Urbanicity",82.6,101,"Rural"
"607","Hib","New York","Full Series","Urbanicity",78.2,580,"Smaller City"
"608","Hep A","New York","≥2 Doses","Urbanicity",84.4,101,"Rural"
"609","Hib","New York","Full Series","Urbanicity",78.2,1621,"Larger City"
"610","PCV","New York","≥4 Doses","Urbanicity",83.9,101,"Rural"
"611","PCV","New York","≥4 Doses","Urbanicity",80.7,580,"Smaller City"
"612","Hep B","New York","≥3 Doses","Urbanicity",91.3,101,"Rural"
"613","≥1 Dose Varicella","New York",NA,"Urbanicity",90.7,580,"Smaller City"
"614","≥1 Dose Varicella","New York",NA,"Urbanicity",89.2,1621,"Larger City"
"615","≥1 Dose MMR","New York",NA,"Urbanicity",93.6,101,"Rural"
"616","Hep A","New York","≥2 Doses","Urbanicity",70.7,1621,"Larger City"
"617","≥1 Dose Varicella","Maine",NA,"Urbanicity",91.2,403,"Smaller City"
"618","PCV","Maine","≥4 Doses","Urbanicity",85,403,"Smaller City"
"619","PCV","Maine","≥4 Doses","Urbanicity",86.5,349,"Rural"
"620","Hib","Maine","Full Series","Urbanicity",85.6,162,"Larger City"
"621","Hib","Maine","Full Series","Urbanicity",82.3,403,"Smaller City"
"622","Hep A","Maine","≥2 Doses","Urbanicity",82.7,349,"Rural"
"623","≥1 Dose MMR","Maine",NA,"Urbanicity",93.3,403,"Smaller City"
"624","Hib","Maine","Full Series","Urbanicity",87.4,349,"Rural"
"625","Hep A","Maine","≥2 Doses","Urbanicity",86.2,162,"Larger City"
"626","Hep A","Maine","≥2 Doses","Urbanicity",76.9,403,"Smaller City"
"627","≥1 Dose MMR","Maine",NA,"Urbanicity",94,349,"Rural"
"628","DTaP","Maine","≥4 Doses","Urbanicity",90,162,"Larger City"
"629","DTaP","Maine","≥4 Doses","Urbanicity",87.5,349,"Rural"
"630","DTaP","Maine","≥4 Doses","Urbanicity",82.7,403,"Smaller City"
"631","Hep B","Maine","≥3 Doses","Urbanicity",90.8,162,"Larger City"
"632","≥1 Dose Varicella","Maine",NA,"Urbanicity",94.2,349,"Rural"
"633","≥1 Dose Varicella","Maine",NA,"Urbanicity",91.8,162,"Larger City"
"634","Hep B","Maine","≥3 Doses","Urbanicity",92.4,349,"Rural"
"635","≥1 Dose MMR","Maine",NA,"Urbanicity",90.1,162,"Larger City"
"636","PCV","Maine","≥4 Doses","Urbanicity",85.3,162,"Larger City"
"637","Hep B","Maine","≥3 Doses","Urbanicity",90.7,403,"Smaller City"
"638","≥1 Dose MMR","Massachusetts",NA,"Urbanicity",96.3,240,"Larger City"
"639","PCV","Massachusetts","≥4 Doses","Urbanicity",87.9,240,"Larger City"
"640","Hep B","Massachusetts","≥3 Doses","Urbanicity",95.4,914,"Smaller City"
"641","Hep A","Massachusetts","≥2 Doses","Urbanicity",87.1,914,"Smaller City"
"642","DTaP","Massachusetts","≥4 Doses","Urbanicity",92,240,"Larger City"
"643","DTaP","Massachusetts","≥4 Doses","Urbanicity",88.3,914,"Smaller City"
"644","Hep B","Massachusetts","≥3 Doses","Urbanicity",95.9,240,"Larger City"
"645","≥1 Dose Varicella","Massachusetts",NA,"Urbanicity",93.6,240,"Larger City"
"646","≥1 Dose Varicella","Massachusetts",NA,"Urbanicity",95.8,914,"Smaller City"
"647","PCV","Massachusetts","≥4 Doses","Urbanicity",90.3,914,"Smaller City"
"648","Hib","Massachusetts","Full Series","Urbanicity",90.9,240,"Larger City"
"649","Hib","Massachusetts","Full Series","Urbanicity",87.7,914,"Smaller City"
"650","≥1 Dose MMR","Massachusetts",NA,"Urbanicity",95.9,914,"Smaller City"
"651","Hep A","Massachusetts","≥2 Doses","Urbanicity",86.5,240,"Larger City"
"652","Hib","Nebraska","Full Series","Urbanicity",87,460,"Larger City"
"653","Hib","Nebraska","Full Series","Urbanicity",80.5,307,"Rural"
"654","Hib","Nebraska","Full Series","Urbanicity",80.7,166,"Smaller City"
"655","≥1 Dose MMR","Nebraska",NA,"Urbanicity",94.5,166,"Smaller City"
"656","≥1 Dose MMR","Nebraska",NA,"Urbanicity",94,307,"Rural"
"657","Hep A","Nebraska","≥2 Doses","Urbanicity",86.6,460,"Larger City"
"658","Hep A","Nebraska","≥2 Doses","Urbanicity",77.3,166,"Smaller City"
"659","DTaP","Nebraska","≥4 Doses","Urbanicity",81.5,307,"Rural"
"660","DTaP","Nebraska","≥4 Doses","Urbanicity",89.1,460,"Larger City"
"661","DTaP","Nebraska","≥4 Doses","Urbanicity",84,166,"Smaller City"
"662","≥1 Dose MMR","Nebraska",NA,"Urbanicity",94.6,460,"Larger City"
"663","Hep B","Nebraska","≥3 Doses","Urbanicity",95.6,460,"Larger City"
"664","≥1 Dose Varicella","Nebraska",NA,"Urbanicity",92.7,166,"Smaller City"
"665","PCV","Nebraska","≥4 Doses","Urbanicity",82.5,307,"Rural"
"666","PCV","Nebraska","≥4 Doses","Urbanicity",87.9,166,"Smaller City"
"667","Hep A","Nebraska","≥2 Doses","Urbanicity",73.2,307,"Rural"
"668","≥1 Dose Varicella","Nebraska",NA,"Urbanicity",92.8,307,"Rural"
"669","≥1 Dose Varicella","Nebraska",NA,"Urbanicity",94.6,460,"Larger City"
"670","Hep B","Nebraska","≥3 Doses","Urbanicity",92.9,307,"Rural"
"671","PCV","Nebraska","≥4 Doses","Urbanicity",89.5,460,"Larger City"
"672","Hep B","Nebraska","≥3 Doses","Urbanicity",94.9,166,"Smaller City"
"673","PCV","Montana","≥4 Doses","Urbanicity",83.5,259,"Larger City"
"674","≥1 Dose MMR","Montana",NA,"Urbanicity",88.7,259,"Larger City"
"675","Hep B","Montana","≥3 Doses","Urbanicity",94,259,"Larger City"
"676","DTaP","Montana","≥4 Doses","Urbanicity",78.8,48,"Smaller City"
"677","DTaP","Montana","≥4 Doses","Urbanicity",76.2,590,"Rural"
"678","DTaP","Montana","≥4 Doses","Urbanicity",73.5,259,"Larger City"
"679","≥1 Dose MMR","Montana",NA,"Urbanicity",89.2,590,"Rural"
"680","Hep A","Montana","≥2 Doses","Urbanicity",88.9,48,"Smaller City"
"681","≥1 Dose MMR","Montana",NA,"Urbanicity",93.1,48,"Smaller City"
"682","Hib","Montana","Full Series","Urbanicity",77.9,48,"Smaller City"
"683","Hib","Montana","Full Series","Urbanicity",79.4,590,"Rural"
"684","Hib","Montana","Full Series","Urbanicity",72.5,259,"Larger City"
"685","Hep A","Montana","≥2 Doses","Urbanicity",59.5,590,"Rural"
"686","PCV","Montana","≥4 Doses","Urbanicity",79.3,48,"Smaller City"
"687","PCV","Montana","≥4 Doses","Urbanicity",79.3,590,"Rural"
"688","≥1 Dose Varicella","Montana",NA,"Urbanicity",93.5,48,"Smaller City"
"689","Hep B","Montana","≥3 Doses","Urbanicity",91.1,590,"Rural"
"690","≥1 Dose Varicella","Montana",NA,"Urbanicity",86.3,590,"Rural"
"691","Hep B","Montana","≥3 Doses","Urbanicity",93.3,48,"Smaller City"
"692","Hep A","Montana","≥2 Doses","Urbanicity",82.1,259,"Larger City"
"693","≥1 Dose Varicella","Montana",NA,"Urbanicity",84.6,259,"Larger City"
"694","DTaP","Hawaii","≥4 Doses","Urbanicity",76.5,426,"Smaller City"
"695","DTaP","Hawaii","≥4 Doses","Urbanicity",78.6,175,"Rural"
"696","≥1 Dose MMR","Hawaii",NA,"Urbanicity",86.6,175,"Rural"
"697","Hep B","Hawaii","≥3 Doses","Urbanicity",91.8,287,"Larger City"
"698","Hep A","Hawaii","≥2 Doses","Urbanicity",61.4,175,"Rural"
"699","≥1 Dose MMR","Hawaii",NA,"Urbanicity",87.2,287,"Larger City"
"700","PCV","Hawaii","≥4 Doses","Urbanicity",81.4,287,"Larger City"
"701","Hep B","Hawaii","≥3 Doses","Urbanicity",89.1,426,"Smaller City"
"702","≥1 Dose Varicella","Hawaii",NA,"Urbanicity",87.2,426,"Smaller City"
"703","DTaP","Hawaii","≥4 Doses","Urbanicity",81.6,287,"Larger City"
"704","PCV","Hawaii","≥4 Doses","Urbanicity",79.7,426,"Smaller City"
"705","PCV","Hawaii","≥4 Doses","Urbanicity",76.2,175,"Rural"
"706","Hib","Hawaii","Full Series","Urbanicity",80.1,287,"Larger City"
"707","Hib","Hawaii","Full Series","Urbanicity",78.4,426,"Smaller City"
"708","Hib","Hawaii","Full Series","Urbanicity",77.4,175,"Rural"
"709","≥1 Dose MMR","Hawaii",NA,"Urbanicity",88.1,426,"Smaller City"
"710","Hep A","Hawaii","≥2 Doses","Urbanicity",79.7,287,"Larger City"
"711","≥1 Dose Varicella","Hawaii",NA,"Urbanicity",85.4,175,"Rural"
"712","≥1 Dose Varicella","Hawaii",NA,"Urbanicity",86.1,287,"Larger City"
"713","Hep B","Hawaii","≥3 Doses","Urbanicity",86.1,175,"Rural"
"714","Hep A","Hawaii","≥2 Doses","Urbanicity",73.3,426,"Smaller City"
"715","≥1 Dose MMR","Iowa",NA,"Urbanicity",93,284,"Larger City"
"716","PCV","Iowa","≥4 Doses","Urbanicity",88.7,284,"Larger City"
"717","Hep B","Iowa","≥3 Doses","Urbanicity",95.8,262,"Smaller City"
"718","Hep A","Iowa","≥2 Doses","Urbanicity",78.5,262,"Smaller City"
"719","Hep A","Iowa","≥2 Doses","Urbanicity",80.3,276,"Rural"
"720","≥1 Dose MMR","Iowa",NA,"Urbanicity",94.5,276,"Rural"
"721","DTaP","Iowa","≥4 Doses","Urbanicity",86.9,276,"Rural"
"722","DTaP","Iowa","≥4 Doses","Urbanicity",84.2,262,"Smaller City"
"723","Hep B","Iowa","≥3 Doses","Urbanicity",94.9,284,"Larger City"
"724","≥1 Dose Varicella","Iowa",NA,"Urbanicity",93.9,262,"Smaller City"
"725","DTaP","Iowa","≥4 Doses","Urbanicity",83.5,284,"Larger City"
"726","PCV","Iowa","≥4 Doses","Urbanicity",86.4,262,"Smaller City"
"727","PCV","Iowa","≥4 Doses","Urbanicity",91.1,276,"Rural"
"728","Hib","Iowa","Full Series","Urbanicity",88.3,284,"Larger City"
"729","Hib","Iowa","Full Series","Urbanicity",86.7,262,"Smaller City"
"730","≥1 Dose MMR","Iowa",NA,"Urbanicity",95.8,262,"Smaller City"
"731","Hib","Iowa","Full Series","Urbanicity",86.9,276,"Rural"
"732","Hep A","Iowa","≥2 Doses","Urbanicity",78.8,284,"Larger City"
"733","≥1 Dose Varicella","Iowa",NA,"Urbanicity",91.2,284,"Larger City"
"734","Hep B","Iowa","≥3 Doses","Urbanicity",97.5,276,"Rural"
"735","≥1 Dose Varicella","Iowa",NA,"Urbanicity",95.9,276,"Rural"
"736","Hep B","Rhode Island","≥3 Doses","Urbanicity",95.7,260,"Larger City"
"737","Hib","Rhode Island","Full Series","Urbanicity",85.1,260,"Larger City"
"738","≥1 Dose MMR","Rhode Island",NA,"Urbanicity",94.8,260,"Larger City"
"739","Hib","Rhode Island","Full Series","Urbanicity",88.2,606,"Smaller City"
"740","PCV","Rhode Island","≥4 Doses","Urbanicity",87.7,260,"Larger City"
"741","PCV","Rhode Island","≥4 Doses","Urbanicity",91.1,606,"Smaller City"
"742","≥1 Dose Varicella","Rhode Island",NA,"Urbanicity",95.4,606,"Smaller City"
"743","≥1 Dose Varicella","Rhode Island",NA,"Urbanicity",91.9,260,"Larger City"
"744","≥1 Dose MMR","Rhode Island",NA,"Urbanicity",95.3,606,"Smaller City"
"745","DTaP","Rhode Island","≥4 Doses","Urbanicity",88.1,260,"Larger City"
"746","DTaP","Rhode Island","≥4 Doses","Urbanicity",87.5,606,"Smaller City"
"747","Hep A","Rhode Island","≥2 Doses","Urbanicity",89.2,260,"Larger City"
"748","Hep B","Rhode Island","≥3 Doses","Urbanicity",97.8,606,"Smaller City"
"749","Hep A","Rhode Island","≥2 Doses","Urbanicity",88.7,606,"Smaller City"
"750","≥1 Dose MMR","Florida",NA,"Urbanicity",93,703,"Larger City"
"751","PCV","Florida","≥4 Doses","Urbanicity",79,703,"Larger City"
"752","Hep B","Florida","≥3 Doses","Urbanicity",92,502,"Smaller City"
"753","≥1 Dose Varicella","Florida",NA,"Urbanicity",92.5,703,"Larger City"
"754","≥1 Dose Varicella","Florida",NA,"Urbanicity",91.1,502,"Smaller City"
"755","DTaP","Florida","≥4 Doses","Urbanicity",79.5,703,"Larger City"
"756","PCV","Florida","≥4 Doses","Urbanicity",81.3,502,"Smaller City"
"757","Hep A","Florida","≥2 Doses","Urbanicity",75.1,703,"Larger City"
"758","Hib","Florida","Full Series","Urbanicity",81,703,"Larger City"
"759","Hib","Florida","Full Series","Urbanicity",79.8,502,"Smaller City"
"760","≥1 Dose MMR","Florida",NA,"Urbanicity",90.2,502,"Smaller City"
"761","Hep A","Florida","≥2 Doses","Urbanicity",66.2,502,"Smaller City"
"762","DTaP","Florida","≥4 Doses","Urbanicity",85.2,502,"Smaller City"
"763","Hep B","Florida","≥3 Doses","Urbanicity",92.3,703,"Larger City"
"764","Hep A","Arkansas","≥2 Doses","Urbanicity",77.4,366,"Smaller City"
"765","≥1 Dose MMR","Arkansas",NA,"Urbanicity",90.2,521,"Larger City"
"766","Hep B","Arkansas","≥3 Doses","Urbanicity",91.6,366,"Smaller City"
"767","Hep A","Arkansas","≥2 Doses","Urbanicity",69.7,437,"Rural"
"768","Hep B","Arkansas","≥3 Doses","Urbanicity",94.4,437,"Rural"
"769","PCV","Arkansas","≥4 Doses","Urbanicity",78.9,521,"Larger City"
"770","≥1 Dose Varicella","Arkansas",NA,"Urbanicity",89.6,437,"Rural"
"771","≥1 Dose Varicella","Arkansas",NA,"Urbanicity",90.1,521,"Larger City"
"772","≥1 Dose Varicella","Arkansas",NA,"Urbanicity",90,366,"Smaller City"
"773","DTaP","Arkansas","≥4 Doses","Urbanicity",75.7,521,"Larger City"
"774","PCV","Arkansas","≥4 Doses","Urbanicity",76.6,366,"Smaller City"
"775","PCV","Arkansas","≥4 Doses","Urbanicity",77.6,437,"Rural"
"776","Hep A","Arkansas","≥2 Doses","Urbanicity",78.1,521,"Larger City"
"777","Hib","Arkansas","Full Series","Urbanicity",78,521,"Larger City"
"778","Hib","Arkansas","Full Series","Urbanicity",81.3,366,"Smaller City"
"779","Hib","Arkansas","Full Series","Urbanicity",78.2,437,"Rural"
"780","≥1 Dose MMR","Arkansas",NA,"Urbanicity",89.7,366,"Smaller City"
"781","≥1 Dose MMR","Arkansas",NA,"Urbanicity",89.2,437,"Rural"
"782","DTaP","Arkansas","≥4 Doses","Urbanicity",73.7,366,"Smaller City"
"783","DTaP","Arkansas","≥4 Doses","Urbanicity",74.4,437,"Rural"
"784","Hep B","Arkansas","≥3 Doses","Urbanicity",92.7,521,"Larger City"
"785","Hib","Wyoming","Full Series","Urbanicity",85.3,289,"Larger City"
"786","Hib","Wyoming","Full Series","Urbanicity",77.9,640,"Rural"
"787","≥1 Dose MMR","Wyoming",NA,"Urbanicity",94.6,289,"Larger City"
"788","PCV","Wyoming","≥4 Doses","Urbanicity",81.1,640,"Rural"
"789","PCV","Wyoming","≥4 Doses","Urbanicity",85.8,289,"Larger City"
"790","≥1 Dose Varicella","Wyoming",NA,"Urbanicity",94.3,289,"Larger City"
"791","Hep B","Wyoming","≥3 Doses","Urbanicity",91.5,640,"Rural"
"792","DTaP","Wyoming","≥4 Doses","Urbanicity",80,289,"Larger City"
"793","DTaP","Wyoming","≥4 Doses","Urbanicity",76.8,640,"Rural"
"794","≥1 Dose MMR","Wyoming",NA,"Urbanicity",90.2,640,"Rural"
"795","Hep A","Wyoming","≥2 Doses","Urbanicity",67.3,289,"Larger City"
"796","Hep A","Wyoming","≥2 Doses","Urbanicity",68.4,640,"Rural"
"797","≥1 Dose Varicella","Wyoming",NA,"Urbanicity",89.5,640,"Rural"
"798","Hep B","Wyoming","≥3 Doses","Urbanicity",95.7,289,"Larger City"
"799","≥1 Dose Varicella","California",NA,"Urbanicity",88.5,859,"Larger City"
"800","≥1 Dose Varicella","California",NA,"Urbanicity",90,30,"Rural"
"801","PCV","California","≥4 Doses","Urbanicity",79.9,859,"Larger City"
"802","Hep B","California","≥3 Doses","Urbanicity",92.4,760,"Smaller City"
"803","DTaP","California","≥4 Doses","Urbanicity",87.8,30,"Rural"
"804","≥1 Dose MMR","California",NA,"Urbanicity",90,30,"Rural"
"805","DTaP","California","≥4 Doses","Urbanicity",80.8,760,"Smaller City"
"806","≥1 Dose MMR","California",NA,"Urbanicity",90.2,760,"Smaller City"
"807","Hib","California","Full Series","Urbanicity",70.5,30,"Rural"
"808","Hib","California","Full Series","Urbanicity",80.5,760,"Smaller City"
"809","Hib","California","Full Series","Urbanicity",76.8,859,"Larger City"
"810","Hep A","California","≥2 Doses","Urbanicity",49.1,30,"Rural"
"811","≥1 Dose MMR","California",NA,"Urbanicity",89.5,859,"Larger City"
"812","Hep B","California","≥3 Doses","Urbanicity",89.4,859,"Larger City"
"813","Hep A","California","≥2 Doses","Urbanicity",74.5,760,"Smaller City"
"814","Hep A","California","≥2 Doses","Urbanicity",78.7,859,"Larger City"
"815","PCV","California","≥4 Doses","Urbanicity",62,30,"Rural"
"816","PCV","California","≥4 Doses","Urbanicity",81.9,760,"Smaller City"
"817","DTaP","California","≥4 Doses","Urbanicity",79.8,859,"Larger City"
"818","≥1 Dose Varicella","California",NA,"Urbanicity",89.5,760,"Smaller City"
"819","Hep B","California","≥3 Doses","Urbanicity",91.7,30,"Rural"
"820","≥1 Dose MMR","Alabama",NA,"Urbanicity",94.8,396,"Larger City"
"821","DTaP","Alabama","≥4 Doses","Urbanicity",78.5,174,"Rural"
"822","DTaP","Alabama","≥4 Doses","Urbanicity",79,370,"Smaller City"
"823","≥1 Dose MMR","Alabama",NA,"Urbanicity",91.5,174,"Rural"
"824","≥1 Dose MMR","Alabama",NA,"Urbanicity",92,370,"Smaller City"
"825","Hib","Alabama","Full Series","Urbanicity",80.1,174,"Rural"
"826","Hib","Alabama","Full Series","Urbanicity",77.2,370,"Smaller City"
"827","Hib","Alabama","Full Series","Urbanicity",81.1,396,"Larger City"
"828","Hep A","Alabama","≥2 Doses","Urbanicity",60.7,174,"Rural"
"829","Hep A","Alabama","≥2 Doses","Urbanicity",76.9,396,"Larger City"
"830","PCV","Alabama","≥4 Doses","Urbanicity",81.1,174,"Rural"
"831","PCV","Alabama","≥4 Doses","Urbanicity",83.1,370,"Smaller City"
"832","DTaP","Alabama","≥4 Doses","Urbanicity",83.7,396,"Larger City"
"833","Hep B","Alabama","≥3 Doses","Urbanicity",93.7,174,"Rural"
"834","≥1 Dose Varicella","Alabama",NA,"Urbanicity",90.7,370,"Smaller City"
"835","≥1 Dose Varicella","Alabama",NA,"Urbanicity",95.3,396,"Larger City"
"836","≥1 Dose Varicella","Alabama",NA,"Urbanicity",92.7,174,"Rural"
"837","PCV","Alabama","≥4 Doses","Urbanicity",85.6,396,"Larger City"
"838","Hep B","Alabama","≥3 Doses","Urbanicity",92.2,370,"Smaller City"
"839","Hep B","Alabama","≥3 Doses","Urbanicity",93.2,396,"Larger City"
"840","Hep A","Alabama","≥2 Doses","Urbanicity",76.3,370,"Smaller City"
"841","≥1 Dose MMR","Idaho",NA,"Urbanicity",91.4,482,"Smaller City"
"842","Hib","Idaho","Full Series","Urbanicity",81,331,"Rural"
"843","Hib","Idaho","Full Series","Urbanicity",80.7,482,"Smaller City"
"844","Hib","Idaho","Full Series","Urbanicity",82.6,519,"Larger City"
"845","PCV","Idaho","≥4 Doses","Urbanicity",84.4,331,"Rural"
"846","PCV","Idaho","≥4 Doses","Urbanicity",84,482,"Smaller City"
"847","DTaP","Idaho","≥4 Doses","Urbanicity",81.6,519,"Larger City"
"848","Hep B","Idaho","≥3 Doses","Urbanicity",94.6,331,"Rural"
"849","≥1 Dose Varicella","Idaho",NA,"Urbanicity",91.7,519,"Larger City"
"850","≥1 Dose Varicella","Idaho",NA,"Urbanicity",88.8,482,"Smaller City"
"851","≥1 Dose Varicella","Idaho",NA,"Urbanicity",90.6,331,"Rural"
"852","Hep B","Idaho","≥3 Doses","Urbanicity",94.2,482,"Smaller City"
"853","≥1 Dose MMR","Idaho",NA,"Urbanicity",93.2,331,"Rural"
"854","DTaP","Idaho","≥4 Doses","Urbanicity",79.1,482,"Smaller City"
"855","DTaP","Idaho","≥4 Doses","Urbanicity",83.2,331,"Rural"
"856","Hep A","Idaho","≥2 Doses","Urbanicity",82.1,331,"Rural"
"857","PCV","Idaho","≥4 Doses","Urbanicity",83.1,519,"Larger City"
"858","≥1 Dose MMR","Idaho",NA,"Urbanicity",92.1,519,"Larger City"
"859","Hep B","Idaho","≥3 Doses","Urbanicity",92.3,519,"Larger City"
"860","Hep A","Idaho","≥2 Doses","Urbanicity",82.4,519,"Larger City"
"861","Hep A","Idaho","≥2 Doses","Urbanicity",79.6,482,"Smaller City"
"862","≥1 Dose Varicella","Oregon",NA,"Urbanicity",93.9,485,"Larger City"
"863","Hep B","Oregon","≥3 Doses","Urbanicity",84.8,127,"Rural"
"864","≥1 Dose Varicella","Oregon",NA,"Urbanicity",87.8,127,"Rural"
"865","Hib","Oregon","Full Series","Urbanicity",81.6,485,"Larger City"
"866","Hep A","Oregon","≥2 Doses","Urbanicity",73.9,236,"Smaller City"
"867","DTaP","Oregon","≥4 Doses","Urbanicity",64.3,127,"Rural"
"868","DTaP","Oregon","≥4 Doses","Urbanicity",77,236,"Smaller City"
"869","DTaP","Oregon","≥4 Doses","Urbanicity",81.4,485,"Larger City"
"870","Hep B","Oregon","≥3 Doses","Urbanicity",91.1,485,"Larger City"
"871","≥1 Dose MMR","Oregon",NA,"Urbanicity",91.4,127,"Rural"
"872","Hep A","Oregon","≥2 Doses","Urbanicity",82.9,485,"Larger City"
"873","Hep B","Oregon","≥3 Doses","Urbanicity",91.9,236,"Smaller City"
"874","≥1 Dose Varicella","Oregon",NA,"Urbanicity",87.7,236,"Smaller City"
"875","PCV","Oregon","≥4 Doses","Urbanicity",65.5,127,"Rural"
"876","PCV","Oregon","≥4 Doses","Urbanicity",79,236,"Smaller City"
"877","PCV","Oregon","≥4 Doses","Urbanicity",84.9,485,"Larger City"
"878","≥1 Dose MMR","Oregon",NA,"Urbanicity",91.3,236,"Smaller City"
"879","≥1 Dose MMR","Oregon",NA,"Urbanicity",93.9,485,"Larger City"
"880","Hib","Oregon","Full Series","Urbanicity",68,127,"Rural"
"881","Hib","Oregon","Full Series","Urbanicity",77.1,236,"Smaller City"
"882","Hep A","Oregon","≥2 Doses","Urbanicity",81.6,127,"Rural"
"883","≥1 Dose Varicella","North Dakota",NA,"Urbanicity",89.5,489,"Rural"
"884","Hep B","North Dakota","≥3 Doses","Urbanicity",96.7,164,"Smaller City"
"885","≥1 Dose Varicella","North Dakota",NA,"Urbanicity",93.5,334,"Larger City"
"886","DTaP","North Dakota","≥4 Doses","Urbanicity",86,334,"Larger City"
"887","DTaP","North Dakota","≥4 Doses","Urbanicity",76.6,164,"Smaller City"
"888","DTaP","North Dakota","≥4 Doses","Urbanicity",80.1,489,"Rural"
"889","Hep A","North Dakota","≥2 Doses","Urbanicity",90.4,334,"Larger City"
"890","Hib","North Dakota","Full Series","Urbanicity",85.2,164,"Smaller City"
"891","Hib","North Dakota","Full Series","Urbanicity",82.4,489,"Rural"
"892","≥1 Dose MMR","North Dakota",NA,"Urbanicity",94.3,334,"Larger City"
"893","≥1 Dose MMR","North Dakota",NA,"Urbanicity",97.3,164,"Smaller City"
"894","PCV","North Dakota","≥4 Doses","Urbanicity",90.3,164,"Smaller City"
"895","PCV","North Dakota","≥4 Doses","Urbanicity",82.2,489,"Rural"
"896","≥1 Dose Varicella","North Dakota",NA,"Urbanicity",95.2,164,"Smaller City"
"897","Hep B","North Dakota","≥3 Doses","Urbanicity",93.5,489,"Rural"
"898","PCV","North Dakota","≥4 Doses","Urbanicity",89.6,334,"Larger City"
"899","Hep B","North Dakota","≥3 Doses","Urbanicity",93,334,"Larger City"
"900","≥1 Dose MMR","North Dakota",NA,"Urbanicity",91.7,489,"Rural"
"901","Hep A","North Dakota","≥2 Doses","Urbanicity",82.7,164,"Smaller City"
"902","Hib","North Dakota","Full Series","Urbanicity",84.9,334,"Larger City"
"903","Hep A","North Dakota","≥2 Doses","Urbanicity",76.5,489,"Rural"
"904","≥1 Dose MMR","New Mexico",NA,"Urbanicity",91.1,399,"Rural"
"905","Hep A","New Mexico","≥2 Doses","Urbanicity",80.1,329,"Smaller City"
"906","PCV","New Mexico","≥4 Doses","Urbanicity",82.5,768,"Larger City"
"907","Hep B","New Mexico","≥3 Doses","Urbanicity",91.6,329,"Smaller City"
"908","Hib","New Mexico","Full Series","Urbanicity",83.8,329,"Smaller City"
"909","Hib","New Mexico","Full Series","Urbanicity",75.6,399,"Rural"
"910","≥1 Dose MMR","New Mexico",NA,"Urbanicity",92.2,329,"Smaller City"
"911","≥1 Dose MMR","New Mexico",NA,"Urbanicity",93.6,768,"Larger City"
"912","Hep A","New Mexico","≥2 Doses","Urbanicity",75.8,768,"Larger City"
"913","DTaP","New Mexico","≥4 Doses","Urbanicity",77.4,399,"Rural"
"914","DTaP","New Mexico","≥4 Doses","Urbanicity",80.3,768,"Larger City"
"915","DTaP","New Mexico","≥4 Doses","Urbanicity",78.9,329,"Smaller City"
"916","Hep B","New Mexico","≥3 Doses","Urbanicity",92.5,768,"Larger City"
"917","PCV","New Mexico","≥4 Doses","Urbanicity",78.2,329,"Smaller City"
"918","PCV","New Mexico","≥4 Doses","Urbanicity",76.7,399,"Rural"
"919","Hib","New Mexico","Full Series","Urbanicity",80.1,768,"Larger City"
"920","Hep A","New Mexico","≥2 Doses","Urbanicity",84.1,399,"Rural"
"921","≥1 Dose Varicella","New Mexico",NA,"Urbanicity",91.1,768,"Larger City"
"922","≥1 Dose Varicella","New Mexico",NA,"Urbanicity",90.7,329,"Smaller City"
"923","Hep B","New Mexico","≥3 Doses","Urbanicity",92.1,399,"Rural"
"924","≥1 Dose Varicella","New Mexico",NA,"Urbanicity",90,399,"Rural"
"925","Hib","Maryland","Full Series","Urbanicity",83.4,1811,"Smaller City"
"926","Hib","Maryland","Full Series","Urbanicity",82.7,664,"Larger City"
"927","PCV","Maryland","≥4 Doses","Urbanicity",91.1,35,"Rural"
"928","PCV","Maryland","≥4 Doses","Urbanicity",85.6,1811,"Smaller City"
"929","≥1 Dose Varicella","Maryland",NA,"Urbanicity",92.4,1811,"Smaller City"
"930","Hep B","Maryland","≥3 Doses","Urbanicity",100,35,"Rural"
"931","PCV","Maryland","≥4 Doses","Urbanicity",85,664,"Larger City"
"932","≥1 Dose MMR","Maryland",NA,"Urbanicity",95.8,664,"Larger City"
"933","Hep B","Maryland","≥3 Doses","Urbanicity",95.5,664,"Larger City"
"934","Hep A","Maryland","≥2 Doses","Urbanicity",77.9,664,"Larger City"
"935","Hib","Maryland","Full Series","Urbanicity",77.6,35,"Rural"
"936","≥1 Dose MMR","Maryland",NA,"Urbanicity",92.2,1811,"Smaller City"
"937","Hep A","Maryland","≥2 Doses","Urbanicity",87.9,35,"Rural"
"938","DTaP","Maryland","≥4 Doses","Urbanicity",84.2,1811,"Smaller City"
"939","DTaP","Maryland","≥4 Doses","Urbanicity",87,35,"Rural"
"940","DTaP","Maryland","≥4 Doses","Urbanicity",83.6,664,"Larger City"
"941","≥1 Dose MMR","Maryland",NA,"Urbanicity",92.8,35,"Rural"
"942","Hep A","Maryland","≥2 Doses","Urbanicity",81.5,1811,"Smaller City"
"943","≥1 Dose Varicella","Maryland",NA,"Urbanicity",94.4,664,"Larger City"
"944","≥1 Dose Varicella","Maryland",NA,"Urbanicity",92.8,35,"Rural"
"945","Hep B","Maryland","≥3 Doses","Urbanicity",93.1,1811,"Smaller City"
"946","≥1 Dose Varicella","Mississippi",NA,"Urbanicity",87.2,509,"Rural"
"947","Hep B","Mississippi","≥3 Doses","Urbanicity",95.6,388,"Smaller City"
"948","DTaP","Mississippi","≥4 Doses","Urbanicity",84.5,388,"Smaller City"
"949","DTaP","Mississippi","≥4 Doses","Urbanicity",73.9,509,"Rural"
"950","DTaP","Mississippi","≥4 Doses","Urbanicity",81,223,"Larger City"
"951","≥1 Dose MMR","Mississippi",NA,"Urbanicity",89.3,509,"Rural"
"952","Hep A","Mississippi","≥2 Doses","Urbanicity",60.9,388,"Smaller City"
"953","PCV","Mississippi","≥4 Doses","Urbanicity",79.6,223,"Larger City"
"954","≥1 Dose MMR","Mississippi",NA,"Urbanicity",91.7,223,"Larger City"
"955","Hep B","Mississippi","≥3 Doses","Urbanicity",93.1,223,"Larger City"
"956","Hep A","Mississippi","≥2 Doses","Urbanicity",59.9,223,"Larger City"
"957","PCV","Mississippi","≥4 Doses","Urbanicity",85.9,388,"Smaller City"
"958","PCV","Mississippi","≥4 Doses","Urbanicity",77.8,509,"Rural"
"959","≥1 Dose Varicella","Mississippi",NA,"Urbanicity",92.5,388,"Smaller City"
"960","Hep B","Mississippi","≥3 Doses","Urbanicity",93.7,509,"Rural"
"961","≥1 Dose Varicella","Mississippi",NA,"Urbanicity",91.2,223,"Larger City"
"962","≥1 Dose MMR","Mississippi",NA,"Urbanicity",93.7,388,"Smaller City"
"963","Hib","Mississippi","Full Series","Urbanicity",81.7,388,"Smaller City"
"964","Hib","Mississippi","Full Series","Urbanicity",75,509,"Rural"
"965","Hib","Mississippi","Full Series","Urbanicity",78,223,"Larger City"
"966","Hep A","Mississippi","≥2 Doses","Urbanicity",53.5,509,"Rural"
"967","≥1 Dose Varicella","Arizona",NA,"Urbanicity",92.8,564,"Larger City"
"968","≥1 Dose Varicella","Arizona",NA,"Urbanicity",91.3,45,"Rural"
"969","PCV","Arizona","≥4 Doses","Urbanicity",81.6,564,"Larger City"
"970","Hep B","Arizona","≥3 Doses","Urbanicity",90.3,356,"Smaller City"
"971","≥1 Dose MMR","Arizona",NA,"Urbanicity",92.8,564,"Larger City"
"972","Hep B","Arizona","≥3 Doses","Urbanicity",92.1,564,"Larger City"
"973","DTaP","Arizona","≥4 Doses","Urbanicity",81.2,45,"Rural"
"974","DTaP","Arizona","≥4 Doses","Urbanicity",78.5,356,"Smaller City"
"975","≥1 Dose MMR","Arizona",NA,"Urbanicity",91.3,45,"Rural"
"976","≥1 Dose MMR","Arizona",NA,"Urbanicity",92.3,356,"Smaller City"
"977","Hib","Arizona","Full Series","Urbanicity",89.7,45,"Rural"
"978","Hib","Arizona","Full Series","Urbanicity",73,356,"Smaller City"
"979","Hib","Arizona","Full Series","Urbanicity",80.6,564,"Larger City"
"980","Hep A","Arizona","≥2 Doses","Urbanicity",63.6,45,"Rural"
"981","≥1 Dose Varicella","Arizona",NA,"Urbanicity",92.2,356,"Smaller City"
"982","PCV","Arizona","≥4 Doses","Urbanicity",88.6,45,"Rural"
"983","PCV","Arizona","≥4 Doses","Urbanicity",74.2,356,"Smaller City"
"984","DTaP","Arizona","≥4 Doses","Urbanicity",84,564,"Larger City"
"985","Hep B","Arizona","≥3 Doses","Urbanicity",97.9,45,"Rural"
"986","Hep A","Arizona","≥2 Doses","Urbanicity",77.1,564,"Larger City"
"987","Hep A","Arizona","≥2 Doses","Urbanicity",74,356,"Smaller City"
"988","≥1 Dose Varicella","New Hampshire",NA,"Urbanicity",90.1,165,"Larger City"
"989","Hep B","New Hampshire","≥3 Doses","Urbanicity",95.8,339,"Rural"
"990","≥1 Dose Varicella","New Hampshire",NA,"Urbanicity",94.3,384,"Smaller City"
"991","PCV","New Hampshire","≥4 Doses","Urbanicity",87.9,339,"Rural"
"992","PCV","New Hampshire","≥4 Doses","Urbanicity",91.9,384,"Smaller City"
"993","Hep A","New Hampshire","≥2 Doses","Urbanicity",78.9,339,"Rural"
"994","Hib","New Hampshire","Full Series","Urbanicity",81.9,165,"Larger City"
"995","Hib","New Hampshire","Full Series","Urbanicity",87,339,"Rural"
"996","Hib","New Hampshire","Full Series","Urbanicity",86.1,384,"Smaller City"
"997","≥1 Dose MMR","New Hampshire",NA,"Urbanicity",95.9,384,"Smaller City"
"998","≥1 Dose MMR","New Hampshire",NA,"Urbanicity",95.7,339,"Rural"
"999","Hep A","New Hampshire","≥2 Doses","Urbanicity",80.9,165,"Larger City"
"1000","DTaP","New Hampshire","≥4 Doses","Urbanicity",85.6,339,"Rural"
"1001","DTaP","New Hampshire","≥4 Doses","Urbanicity",79.5,165,"Larger City"
"1002","DTaP","New Hampshire","≥4 Doses","Urbanicity",89.8,384,"Smaller City"
"1003","Hep B","New Hampshire","≥3 Doses","Urbanicity",88.9,165,"Larger City"
"1004","≥1 Dose Varicella","New Hampshire",NA,"Urbanicity",91.4,339,"Rural"
"1005","≥1 Dose MMR","New Hampshire",NA,"Urbanicity",88.4,165,"Larger City"
"1006","PCV","New Hampshire","≥4 Doses","Urbanicity",79.7,165,"Larger City"
"1007","Hep B","New Hampshire","≥3 Doses","Urbanicity",95.5,384,"Smaller City"
"1008","Hep A","New Hampshire","≥2 Doses","Urbanicity",87.4,384,"Smaller City"
