"","Vaccine","Geography","Dose","dim1","vax_uptake","samp_size_vax","insurance"
"1","Hib","North Dakota","Full Series","Insurance Coverage",87.6,695,"Private"
"2","PCV","North Dakota","≥4 Doses","Insurance Coverage",90.7,695,"Private"
"3","≥1 Dose MMR","North Carolina",NA,"Insurance Coverage",91.1,379,"Medicaid"
"4","≥1 Dose MMR","North Carolina",NA,"Insurance Coverage",95.9,656,"Private"
"5","Hep A","North Carolina","≥2 Doses","Insurance Coverage",68.7,379,"Medicaid"
"6","Hep A","North Carolina","≥2 Doses","Insurance Coverage",84.8,656,"Private"
"7","DTaP","North Carolina","≥4 Doses","Insurance Coverage",90.4,656,"Private"
"8","≥1 Dose Varicella","North Carolina",NA,"Insurance Coverage",83.1,30,"Uninsured"
"9","Hib","North Carolina","Full Series","Insurance Coverage",79.7,30,"Uninsured"
"10","Hib","North Carolina","Full Series","Insurance Coverage",82.6,379,"Medicaid"
"11","DTaP","North Carolina","≥4 Doses","Insurance Coverage",82.9,30,"Uninsured"
"12","Hep B","North Carolina","≥3 Doses","Insurance Coverage",92.8,379,"Medicaid"
"13","DTaP","North Carolina","≥4 Doses","Insurance Coverage",79.4,379,"Medicaid"
"14","Hep B","North Carolina","≥3 Doses","Insurance Coverage",95.4,656,"Private"
"15","PCV","North Carolina","≥4 Doses","Insurance Coverage",70,30,"Uninsured"
"16","Hep B","North Carolina","≥3 Doses","Insurance Coverage",97.7,30,"Uninsured"
"17","≥1 Dose MMR","North Carolina",NA,"Insurance Coverage",88.3,30,"Uninsured"
"18","Hep A","North Carolina","≥2 Doses","Insurance Coverage",69.2,30,"Uninsured"
"19","≥1 Dose Varicella","North Carolina",NA,"Insurance Coverage",90.8,379,"Medicaid"
"20","≥1 Dose Varicella","North Carolina",NA,"Insurance Coverage",95.4,656,"Private"
"21","Hep A","New Jersey","≥2 Doses","Insurance Coverage",75.8,695,"Private"
"22","Hep A","New Jersey","≥2 Doses","Insurance Coverage",78.1,286,"Medicaid"
"23","≥1 Dose Varicella","New Jersey",NA,"Insurance Coverage",91.5,695,"Private"
"24","≥1 Dose MMR","New Jersey",NA,"Insurance Coverage",93.5,695,"Private"
"25","≥1 Dose MMR","New Jersey",NA,"Insurance Coverage",86.1,286,"Medicaid"
"26","≥1 Dose Varicella","New Jersey",NA,"Insurance Coverage",85.5,286,"Medicaid"
"27","Hep B","New Jersey","≥3 Doses","Insurance Coverage",95.2,695,"Private"
"28","DTaP","New Jersey","≥4 Doses","Insurance Coverage",74.1,286,"Medicaid"
"29","Hep B","New Jersey","≥3 Doses","Insurance Coverage",87.1,286,"Medicaid"
"30","Hib","New Jersey","Full Series","Insurance Coverage",71.5,286,"Medicaid"
"31","DTaP","New Jersey","≥4 Doses","Insurance Coverage",86.7,695,"Private"
"32","PCV","Kansas","≥4 Doses","Insurance Coverage",74.8,299,"Medicaid"
"33","Hib","Kansas","Full Series","Insurance Coverage",68.5,299,"Medicaid"
"34","Hib","Kansas","Full Series","Insurance Coverage",83.9,749,"Private"
"35","PCV","Kansas","≥4 Doses","Insurance Coverage",88.8,749,"Private"
"36","Hep B","Kansas","≥3 Doses","Insurance Coverage",95.9,749,"Private"
"37","Hep A","Kansas","≥2 Doses","Insurance Coverage",87,749,"Private"
"38","Hep A","Kansas","≥2 Doses","Insurance Coverage",67.1,299,"Medicaid"
"39","≥1 Dose Varicella","Kansas",NA,"Insurance Coverage",93.6,749,"Private"
"40","≥1 Dose MMR","Kansas",NA,"Insurance Coverage",93.9,749,"Private"
"41","≥1 Dose MMR","Kansas",NA,"Insurance Coverage",83.2,299,"Medicaid"
"42","≥1 Dose MMR","Kansas",NA,"Insurance Coverage",95.4,177,"Other"
"43","PCV","Kansas","≥4 Doses","Insurance Coverage",82.9,177,"Other"
"44","Hib","Nebraska","Full Series","Insurance Coverage",86.7,597,"Private"
"45","PCV","Nebraska","≥4 Doses","Insurance Coverage",88.8,597,"Private"
"46","Hib","Iowa","Full Series","Insurance Coverage",91.8,469,"Private"
"47","PCV","Iowa","≥4 Doses","Insurance Coverage",93.7,469,"Private"
"48","Hib","Iowa","Full Series","Insurance Coverage",82.8,282,"Medicaid"
"49","PCV","Iowa","≥4 Doses","Insurance Coverage",85.3,282,"Medicaid"
"50","≥1 Dose Varicella","Texas",NA,"Insurance Coverage",91,2267,"Private"
"51","Hep A","Texas","≥2 Doses","Insurance Coverage",45.6,250,"Uninsured"
"52","Hep A","Texas","≥2 Doses","Insurance Coverage",81.6,252,"Other"
"53","≥1 Dose MMR","Texas",NA,"Insurance Coverage",79.4,250,"Uninsured"
"54","Hep B","Texas","≥3 Doses","Insurance Coverage",80.7,250,"Uninsured"
"55","PCV","Texas","≥4 Doses","Insurance Coverage",63.5,250,"Uninsured"
"56","DTaP","Texas","≥4 Doses","Insurance Coverage",84.9,2267,"Private"
"57","Hep A","Texas","≥2 Doses","Insurance Coverage",83,1780,"Medicaid"
"58","Hep A","Texas","≥2 Doses","Insurance Coverage",83.8,2267,"Private"
"59","PCV","Texas","≥4 Doses","Insurance Coverage",78.9,1780,"Medicaid"
"60","≥1 Dose MMR","Texas",NA,"Insurance Coverage",88.4,1780,"Medicaid"
"61","≥1 Dose MMR","Texas",NA,"Insurance Coverage",91.7,2267,"Private"
"62","PCV","Texas","≥4 Doses","Insurance Coverage",81,252,"Other"
"63","≥1 Dose MMR","Texas",NA,"Insurance Coverage",91.9,252,"Other"
"64","Hep B","Texas","≥3 Doses","Insurance Coverage",87.4,1780,"Medicaid"
"65","Hep B","Texas","≥3 Doses","Insurance Coverage",90.3,2267,"Private"
"66","DTaP","Texas","≥4 Doses","Insurance Coverage",59.7,250,"Uninsured"
"67","DTaP","Texas","≥4 Doses","Insurance Coverage",78.5,252,"Other"
"68","DTaP","Texas","≥4 Doses","Insurance Coverage",76.1,1780,"Medicaid"
"69","Hep B","Texas","≥3 Doses","Insurance Coverage",90.9,252,"Other"
"70","Hib","Texas","Full Series","Insurance Coverage",78.3,252,"Other"
"71","Hib","Texas","Full Series","Insurance Coverage",74.9,1780,"Medicaid"
"72","Hib","Texas","Full Series","Insurance Coverage",55.3,250,"Uninsured"
"73","≥1 Dose Varicella","Texas",NA,"Insurance Coverage",88.6,252,"Other"
"74","≥1 Dose Varicella","Texas",NA,"Insurance Coverage",89.1,1780,"Medicaid"
"75","≥1 Dose Varicella","Texas",NA,"Insurance Coverage",75.9,250,"Uninsured"
"76","DTaP","Utah","≥4 Doses","Insurance Coverage",85.9,751,"Private"
"77","Hep A","Utah","≥2 Doses","Insurance Coverage",85,205,"Medicaid"
"78","Hep A","Utah","≥2 Doses","Insurance Coverage",80.1,751,"Private"
"79","≥1 Dose MMR","Utah",NA,"Insurance Coverage",91.6,205,"Medicaid"
"80","≥1 Dose MMR","Utah",NA,"Insurance Coverage",92.5,751,"Private"
"81","PCV","Utah","≥4 Doses","Insurance Coverage",87.1,205,"Medicaid"
"82","DTaP","Utah","≥4 Doses","Insurance Coverage",71.8,44,"Uninsured"
"83","Hep B","Utah","≥3 Doses","Insurance Coverage",94.9,205,"Medicaid"
"84","Hep B","Utah","≥3 Doses","Insurance Coverage",93.9,751,"Private"
"85","DTaP","Utah","≥4 Doses","Insurance Coverage",84.8,205,"Medicaid"
"86","Hib","Utah","Full Series","Insurance Coverage",83.3,205,"Medicaid"
"87","Hib","Utah","Full Series","Insurance Coverage",78.7,44,"Uninsured"
"88","≥1 Dose Varicella","Utah",NA,"Insurance Coverage",78.4,44,"Uninsured"
"89","≥1 Dose Varicella","Utah",NA,"Insurance Coverage",90.2,205,"Medicaid"
"90","≥1 Dose Varicella","Utah",NA,"Insurance Coverage",92,751,"Private"
"91","Hep A","Utah","≥2 Doses","Insurance Coverage",65,44,"Uninsured"
"92","≥1 Dose MMR","Utah",NA,"Insurance Coverage",85.1,44,"Uninsured"
"93","Hep B","Utah","≥3 Doses","Insurance Coverage",92.1,44,"Uninsured"
"94","PCV","Utah","≥4 Doses","Insurance Coverage",75.5,44,"Uninsured"
"95","Hep B","Indiana","≥3 Doses","Insurance Coverage",94.3,519,"Private"
"96","Hep A","Indiana","≥2 Doses","Insurance Coverage",84.8,519,"Private"
"97","Hep A","Indiana","≥2 Doses","Insurance Coverage",70.3,440,"Medicaid"
"98","≥1 Dose Varicella","Indiana",NA,"Insurance Coverage",93.1,519,"Private"
"99","≥1 Dose MMR","Indiana",NA,"Insurance Coverage",93.8,519,"Private"
"100","≥1 Dose MMR","Indiana",NA,"Insurance Coverage",85.9,440,"Medicaid"
"101","≥1 Dose Varicella","Indiana",NA,"Insurance Coverage",87.9,440,"Medicaid"
"102","DTaP","Indiana","≥4 Doses","Insurance Coverage",75.4,440,"Medicaid"
"103","Hep B","Indiana","≥3 Doses","Insurance Coverage",91.2,440,"Medicaid"
"104","DTaP","Indiana","≥4 Doses","Insurance Coverage",86.9,519,"Private"
"105","Hep A","Oklahoma","≥2 Doses","Insurance Coverage",75.8,368,"Private"
"106","Hep A","Oklahoma","≥2 Doses","Insurance Coverage",75,453,"Medicaid"
"107","≥1 Dose MMR","Oklahoma",NA,"Insurance Coverage",92.6,368,"Private"
"108","≥1 Dose MMR","Oklahoma",NA,"Insurance Coverage",86.4,453,"Medicaid"
"109","≥1 Dose Varicella","Oklahoma",NA,"Insurance Coverage",90.6,368,"Private"
"110","Hep B","Oklahoma","≥3 Doses","Insurance Coverage",91.9,368,"Private"
"111","DTaP","Oklahoma","≥4 Doses","Insurance Coverage",75.9,453,"Medicaid"
"112","Hep B","Oklahoma","≥3 Doses","Insurance Coverage",88.8,453,"Medicaid"
"113","Hib","Oklahoma","Full Series","Insurance Coverage",75.6,453,"Medicaid"
"114","≥1 Dose Varicella","Oklahoma",NA,"Insurance Coverage",85.7,453,"Medicaid"
"115","DTaP","Oklahoma","≥4 Doses","Insurance Coverage",83.4,368,"Private"
"116","Hep B","Georgia","≥3 Doses","Insurance Coverage",94.3,629,"Private"
"117","Hep A","Georgia","≥2 Doses","Insurance Coverage",83.2,629,"Private"
"118","Hep A","Georgia","≥2 Doses","Insurance Coverage",75.7,344,"Medicaid"
"119","≥1 Dose Varicella","Georgia",NA,"Insurance Coverage",93.5,629,"Private"
"120","≥1 Dose MMR","Georgia",NA,"Insurance Coverage",94.2,629,"Private"
"121","≥1 Dose MMR","Georgia",NA,"Insurance Coverage",86.9,344,"Medicaid"
"122","≥1 Dose MMR","Georgia",NA,"Insurance Coverage",85.8,37,"Uninsured"
"123","≥1 Dose MMR","Georgia",NA,"Insurance Coverage",81.8,57,"Other"
"124","PCV","Georgia","≥4 Doses","Insurance Coverage",71.1,57,"Other"
"125","≥1 Dose Varicella","Georgia",NA,"Insurance Coverage",88.3,344,"Medicaid"
"126","Hep A","Georgia","≥2 Doses","Insurance Coverage",65.8,57,"Other"
"127","Hep A","Georgia","≥2 Doses","Insurance Coverage",58.4,37,"Uninsured"
"128","PCV","Georgia","≥4 Doses","Insurance Coverage",77.4,37,"Uninsured"
"129","DTaP","Georgia","≥4 Doses","Insurance Coverage",65.5,37,"Uninsured"
"130","DTaP","Georgia","≥4 Doses","Insurance Coverage",61.1,57,"Other"
"131","Hep B","Georgia","≥3 Doses","Insurance Coverage",93.7,344,"Medicaid"
"132","Hep B","Georgia","≥3 Doses","Insurance Coverage",92,37,"Uninsured"
"133","Hep B","Georgia","≥3 Doses","Insurance Coverage",83.4,57,"Other"
"134","Hib","Georgia","Full Series","Insurance Coverage",71.4,37,"Uninsured"
"135","Hib","Georgia","Full Series","Insurance Coverage",63,57,"Other"
"136","≥1 Dose Varicella","Georgia",NA,"Insurance Coverage",85.6,37,"Uninsured"
"137","≥1 Dose Varicella","Georgia",NA,"Insurance Coverage",80.6,57,"Other"
"138","DTaP","Georgia","≥4 Doses","Insurance Coverage",82.8,629,"Private"
"139","DTaP","Georgia","≥4 Doses","Insurance Coverage",73,344,"Medicaid"
"140","≥1 Dose Varicella","West Virginia",NA,"Insurance Coverage",94,399,"Private"
"141","Hep A","West Virginia","≥2 Doses","Insurance Coverage",80.5,63,"Other"
"142","DTaP","West Virginia","≥4 Doses","Insurance Coverage",86.6,399,"Private"
"143","Hep A","West Virginia","≥2 Doses","Insurance Coverage",73.4,444,"Medicaid"
"144","Hep A","West Virginia","≥2 Doses","Insurance Coverage",88.9,399,"Private"
"145","≥1 Dose MMR","West Virginia",NA,"Insurance Coverage",87.4,444,"Medicaid"
"146","≥1 Dose MMR","West Virginia",NA,"Insurance Coverage",83.1,63,"Other"
"147","≥1 Dose MMR","West Virginia",NA,"Insurance Coverage",93.1,399,"Private"
"148","PCV","West Virginia","≥4 Doses","Insurance Coverage",75.6,444,"Medicaid"
"149","PCV","West Virginia","≥4 Doses","Insurance Coverage",71.6,63,"Other"
"150","Hep B","West Virginia","≥3 Doses","Insurance Coverage",84.4,63,"Other"
"151","Hep B","West Virginia","≥3 Doses","Insurance Coverage",91.1,444,"Medicaid"
"152","Hep B","West Virginia","≥3 Doses","Insurance Coverage",94.7,399,"Private"
"153","DTaP","West Virginia","≥4 Doses","Insurance Coverage",74.4,444,"Medicaid"
"154","DTaP","West Virginia","≥4 Doses","Insurance Coverage",70.1,63,"Other"
"155","Hib","West Virginia","Full Series","Insurance Coverage",72.8,444,"Medicaid"
"156","Hib","West Virginia","Full Series","Insurance Coverage",61.7,63,"Other"
"157","≥1 Dose Varicella","West Virginia",NA,"Insurance Coverage",88.8,444,"Medicaid"
"158","≥1 Dose Varicella","West Virginia",NA,"Insurance Coverage",77.4,63,"Other"
"159","PCV","Colorado","≥4 Doses","Insurance Coverage",87.1,38,"Other"
"160","≥1 Dose MMR","Colorado",NA,"Insurance Coverage",95.3,38,"Other"
"161","≥1 Dose MMR","Colorado",NA,"Insurance Coverage",86.9,244,"Medicaid"
"162","≥1 Dose MMR","Colorado",NA,"Insurance Coverage",96,624,"Private"
"163","≥1 Dose Varicella","Colorado",NA,"Insurance Coverage",93.9,624,"Private"
"164","Hep A","Colorado","≥2 Doses","Insurance Coverage",73.8,38,"Other"
"165","Hep A","Colorado","≥2 Doses","Insurance Coverage",73.3,244,"Medicaid"
"166","Hep A","Colorado","≥2 Doses","Insurance Coverage",81.8,624,"Private"
"167","Hep B","Colorado","≥3 Doses","Insurance Coverage",94.4,624,"Private"
"168","DTaP","Colorado","≥4 Doses","Insurance Coverage",72.8,244,"Medicaid"
"169","DTaP","Colorado","≥4 Doses","Insurance Coverage",84.4,624,"Private"
"170","≥1 Dose Varicella","Colorado",NA,"Insurance Coverage",94.2,38,"Other"
"171","Hib","Colorado","Full Series","Insurance Coverage",82.8,38,"Other"
"172","Hep B","Colorado","≥3 Doses","Insurance Coverage",92.7,38,"Other"
"173","Hep B","Colorado","≥3 Doses","Insurance Coverage",89.8,244,"Medicaid"
"174","DTaP","Colorado","≥4 Doses","Insurance Coverage",85.1,38,"Other"
"175","≥1 Dose Varicella","Colorado",NA,"Insurance Coverage",86.1,244,"Medicaid"
"176","≥1 Dose MMR","Ohio",NA,"Insurance Coverage",85.7,412,"Medicaid"
"177","≥1 Dose MMR","Ohio",NA,"Insurance Coverage",91.4,757,"Private"
"178","Hep A","Ohio","≥2 Doses","Insurance Coverage",78.5,412,"Medicaid"
"179","Hep A","Ohio","≥2 Doses","Insurance Coverage",81.7,757,"Private"
"180","≥1 Dose Varicella","Ohio",NA,"Insurance Coverage",85.8,412,"Medicaid"
"181","Hib","Ohio","Full Series","Insurance Coverage",71.6,412,"Medicaid"
"182","Hep B","Ohio","≥3 Doses","Insurance Coverage",92.3,412,"Medicaid"
"183","DTaP","Ohio","≥4 Doses","Insurance Coverage",73.4,412,"Medicaid"
"184","Hep B","Ohio","≥3 Doses","Insurance Coverage",91.2,757,"Private"
"185","≥1 Dose Varicella","Ohio",NA,"Insurance Coverage",91.3,757,"Private"
"186","DTaP","Ohio","≥4 Doses","Insurance Coverage",84.9,757,"Private"
"187","Hep A","South Dakota","≥2 Doses","Insurance Coverage",83.4,790,"Private"
"188","Hep A","South Dakota","≥2 Doses","Insurance Coverage",72,324,"Medicaid"
"189","≥1 Dose MMR","South Dakota",NA,"Insurance Coverage",91.9,790,"Private"
"190","≥1 Dose MMR","South Dakota",NA,"Insurance Coverage",90.3,324,"Medicaid"
"191","≥1 Dose Varicella","South Dakota",NA,"Insurance Coverage",90.8,790,"Private"
"192","Hep A","South Dakota","≥2 Doses","Insurance Coverage",56.5,32,"Uninsured"
"193","≥1 Dose MMR","South Dakota",NA,"Insurance Coverage",85.6,32,"Uninsured"
"194","Hep B","South Dakota","≥3 Doses","Insurance Coverage",89,32,"Uninsured"
"195","PCV","South Dakota","≥4 Doses","Insurance Coverage",61.4,32,"Uninsured"
"196","Hep B","South Dakota","≥3 Doses","Insurance Coverage",93.5,790,"Private"
"197","Hep B","South Dakota","≥3 Doses","Insurance Coverage",93.4,324,"Medicaid"
"198","DTaP","South Dakota","≥4 Doses","Insurance Coverage",70.3,324,"Medicaid"
"199","DTaP","South Dakota","≥4 Doses","Insurance Coverage",54.8,32,"Uninsured"
"200","Hib","South Dakota","Full Series","Insurance Coverage",70.1,324,"Medicaid"
"201","Hib","South Dakota","Full Series","Insurance Coverage",65.5,32,"Uninsured"
"202","≥1 Dose Varicella","South Dakota",NA,"Insurance Coverage",91.2,324,"Medicaid"
"203","≥1 Dose Varicella","South Dakota",NA,"Insurance Coverage",81.2,32,"Uninsured"
"204","DTaP","South Dakota","≥4 Doses","Insurance Coverage",83.6,790,"Private"
"205","≥1 Dose MMR","Kentucky",NA,"Insurance Coverage",91.2,335,"Medicaid"
"206","≥1 Dose MMR","Kentucky",NA,"Insurance Coverage",91.9,467,"Private"
"207","≥1 Dose Varicella","Kentucky",NA,"Insurance Coverage",92.3,467,"Private"
"208","Hep A","Kentucky","≥2 Doses","Insurance Coverage",75.6,335,"Medicaid"
"209","Hep A","Kentucky","≥2 Doses","Insurance Coverage",83.3,467,"Private"
"210","Hep B","Kentucky","≥3 Doses","Insurance Coverage",94.9,467,"Private"
"211","Hib","Kentucky","Full Series","Insurance Coverage",79.2,335,"Medicaid"
"212","Hep B","Kentucky","≥3 Doses","Insurance Coverage",91.7,335,"Medicaid"
"213","DTaP","Kentucky","≥4 Doses","Insurance Coverage",80.4,335,"Medicaid"
"214","≥1 Dose Varicella","Kentucky",NA,"Insurance Coverage",91.3,335,"Medicaid"
"215","DTaP","Kentucky","≥4 Doses","Insurance Coverage",86.9,467,"Private"
"216","PCV","Vermont","≥4 Doses","Insurance Coverage",94.4,597,"Private"
"217","Hib","Vermont","Full Series","Insurance Coverage",93.5,597,"Private"
"218","≥1 Dose Varicella","Kansas",NA,"Insurance Coverage",81.6,299,"Medicaid"
"219","Hep A","Kansas","≥2 Doses","Insurance Coverage",87.3,177,"Other"
"220","Hep A","Kansas","≥2 Doses","Insurance Coverage",29.9,39,"Uninsured"
"221","≥1 Dose MMR","Kansas",NA,"Insurance Coverage",63,39,"Uninsured"
"222","PCV","Kansas","≥4 Doses","Insurance Coverage",38.2,39,"Uninsured"
"223","DTaP","Kansas","≥4 Doses","Insurance Coverage",68.1,299,"Medicaid"
"224","DTaP","Kansas","≥4 Doses","Insurance Coverage",78.7,177,"Other"
"225","DTaP","Kansas","≥4 Doses","Insurance Coverage",45.2,39,"Uninsured"
"226","Hep B","Kansas","≥3 Doses","Insurance Coverage",87.3,299,"Medicaid"
"227","Hep B","Kansas","≥3 Doses","Insurance Coverage",96.4,177,"Other"
"228","Hep B","Kansas","≥3 Doses","Insurance Coverage",75.2,39,"Uninsured"
"229","Hib","Kansas","Full Series","Insurance Coverage",77.2,177,"Other"
"230","Hib","Kansas","Full Series","Insurance Coverage",42.4,39,"Uninsured"
"231","≥1 Dose Varicella","Kansas",NA,"Insurance Coverage",93.6,177,"Other"
"232","≥1 Dose Varicella","Kansas",NA,"Insurance Coverage",63,39,"Uninsured"
"233","DTaP","Kansas","≥4 Doses","Insurance Coverage",83.9,749,"Private"
"234","Hep B","Virginia","≥3 Doses","Insurance Coverage",82.3,34,"Other"
"235","Hep B","Virginia","≥3 Doses","Insurance Coverage",92.7,213,"Medicaid"
"236","Hep B","Virginia","≥3 Doses","Insurance Coverage",94.3,1368,"Private"
"237","DTaP","Virginia","≥4 Doses","Insurance Coverage",79.7,213,"Medicaid"
"238","DTaP","Virginia","≥4 Doses","Insurance Coverage",69.2,34,"Other"
"239","Hib","Virginia","Full Series","Insurance Coverage",76.1,213,"Medicaid"
"240","Hib","Virginia","Full Series","Insurance Coverage",80,34,"Other"
"241","≥1 Dose Varicella","Virginia",NA,"Insurance Coverage",89.7,213,"Medicaid"
"242","≥1 Dose Varicella","Virginia",NA,"Insurance Coverage",92.7,34,"Other"
"243","DTaP","Virginia","≥4 Doses","Insurance Coverage",92.1,1368,"Private"
"244","Hep A","Virginia","≥2 Doses","Insurance Coverage",71.8,213,"Medicaid"
"245","Hep A","Virginia","≥2 Doses","Insurance Coverage",84.2,1368,"Private"
"246","≥1 Dose MMR","Virginia",NA,"Insurance Coverage",89.6,213,"Medicaid"
"247","≥1 Dose MMR","Virginia",NA,"Insurance Coverage",92.7,34,"Other"
"248","≥1 Dose MMR","Virginia",NA,"Insurance Coverage",95.6,1368,"Private"
"249","PCV","Virginia","≥4 Doses","Insurance Coverage",84.6,213,"Medicaid"
"250","PCV","Virginia","≥4 Doses","Insurance Coverage",63.5,34,"Other"
"251","≥1 Dose Varicella","Virginia",NA,"Insurance Coverage",94.1,1368,"Private"
"252","Hep A","Virginia","≥2 Doses","Insurance Coverage",93.3,34,"Other"
"253","DTaP","Alaska","≥4 Doses","Insurance Coverage",68.2,401,"Medicaid"
"254","DTaP","Alaska","≥4 Doses","Insurance Coverage",84.5,450,"Private"
"255","≥1 Dose Varicella","Alaska",NA,"Insurance Coverage",73.7,59,"Other"
"256","Hib","Alaska","Full Series","Insurance Coverage",73.9,59,"Other"
"257","Hep B","Alaska","≥3 Doses","Insurance Coverage",87.8,59,"Other"
"258","Hep B","Alaska","≥3 Doses","Insurance Coverage",85.9,401,"Medicaid"
"259","DTaP","Alaska","≥4 Doses","Insurance Coverage",74.1,59,"Other"
"260","≥1 Dose Varicella","Alaska",NA,"Insurance Coverage",79.8,401,"Medicaid"
"261","PCV","Alaska","≥4 Doses","Insurance Coverage",79.1,59,"Other"
"262","≥1 Dose MMR","Alaska",NA,"Insurance Coverage",82.1,59,"Other"
"263","≥1 Dose MMR","Alaska",NA,"Insurance Coverage",85.8,401,"Medicaid"
"264","≥1 Dose MMR","Alaska",NA,"Insurance Coverage",90.2,450,"Private"
"265","≥1 Dose Varicella","Alaska",NA,"Insurance Coverage",90.4,450,"Private"
"266","Hep A","Alaska","≥2 Doses","Insurance Coverage",80.7,59,"Other"
"267","Hep A","Alaska","≥2 Doses","Insurance Coverage",63.5,401,"Medicaid"
"268","Hep A","Alaska","≥2 Doses","Insurance Coverage",83.3,450,"Private"
"269","Hep B","Alaska","≥3 Doses","Insurance Coverage",92.7,450,"Private"
"270","DTaP","South Carolina","≥4 Doses","Insurance Coverage",85.1,507,"Private"
"271","≥1 Dose Varicella","South Carolina",NA,"Insurance Coverage",88.4,415,"Medicaid"
"272","Hib","South Carolina","Full Series","Insurance Coverage",72.6,415,"Medicaid"
"273","DTaP","South Carolina","≥4 Doses","Insurance Coverage",77.8,415,"Medicaid"
"274","Hep B","South Carolina","≥3 Doses","Insurance Coverage",91.6,415,"Medicaid"
"275","Hep B","South Carolina","≥3 Doses","Insurance Coverage",96.5,507,"Private"
"276","≥1 Dose Varicella","South Carolina",NA,"Insurance Coverage",94,507,"Private"
"277","≥1 Dose MMR","South Carolina",NA,"Insurance Coverage",87.4,415,"Medicaid"
"278","≥1 Dose MMR","South Carolina",NA,"Insurance Coverage",94.9,507,"Private"
"279","Hep A","South Carolina","≥2 Doses","Insurance Coverage",82.6,415,"Medicaid"
"280","Hep A","South Carolina","≥2 Doses","Insurance Coverage",86.4,507,"Private"
"281","Hep B","Louisiana","≥3 Doses","Insurance Coverage",94,609,"Private"
"282","Hep A","Louisiana","≥2 Doses","Insurance Coverage",79.1,609,"Private"
"283","Hep A","Louisiana","≥2 Doses","Insurance Coverage",66.5,654,"Medicaid"
"284","≥1 Dose Varicella","Louisiana",NA,"Insurance Coverage",93.9,609,"Private"
"285","≥1 Dose MMR","Louisiana",NA,"Insurance Coverage",93.3,609,"Private"
"286","≥1 Dose MMR","Louisiana",NA,"Insurance Coverage",90.5,654,"Medicaid"
"287","≥1 Dose Varicella","Louisiana",NA,"Insurance Coverage",90.1,654,"Medicaid"
"288","DTaP","Louisiana","≥4 Doses","Insurance Coverage",70.7,654,"Medicaid"
"289","Hep B","Louisiana","≥3 Doses","Insurance Coverage",91.4,654,"Medicaid"
"290","Hib","Louisiana","Full Series","Insurance Coverage",71.6,654,"Medicaid"
"291","DTaP","Louisiana","≥4 Doses","Insurance Coverage",85,609,"Private"
"292","≥1 Dose Varicella","Michigan",NA,"Insurance Coverage",90,482,"Medicaid"
"293","Hep B","Michigan","≥3 Doses","Insurance Coverage",93.6,808,"Private"
"294","DTaP","Michigan","≥4 Doses","Insurance Coverage",76.5,482,"Medicaid"
"295","Hep B","Michigan","≥3 Doses","Insurance Coverage",92.5,482,"Medicaid"
"296","Hib","Michigan","Full Series","Insurance Coverage",75.3,482,"Medicaid"
"297","DTaP","Michigan","≥4 Doses","Insurance Coverage",88.5,808,"Private"
"298","Hep A","Michigan","≥2 Doses","Insurance Coverage",88.4,808,"Private"
"299","Hep A","Michigan","≥2 Doses","Insurance Coverage",81.2,482,"Medicaid"
"300","≥1 Dose Varicella","Michigan",NA,"Insurance Coverage",94.9,808,"Private"
"301","≥1 Dose MMR","Michigan",NA,"Insurance Coverage",94.4,808,"Private"
"302","≥1 Dose MMR","Michigan",NA,"Insurance Coverage",90.8,482,"Medicaid"
"303","≥1 Dose Varicella","Vermont",NA,"Insurance Coverage",93.2,597,"Private"
"304","PCV","Vermont","≥4 Doses","Insurance Coverage",84.8,497,"Medicaid"
"305","≥1 Dose MMR","Vermont",NA,"Insurance Coverage",96,597,"Private"
"306","≥1 Dose MMR","Vermont",NA,"Insurance Coverage",92.9,497,"Medicaid"
"307","Hep A","Vermont","≥2 Doses","Insurance Coverage",88.3,597,"Private"
"308","Hep A","Vermont","≥2 Doses","Insurance Coverage",73,497,"Medicaid"
"309","DTaP","Vermont","≥4 Doses","Insurance Coverage",91.3,597,"Private"
"310","≥1 Dose Varicella","Vermont",NA,"Insurance Coverage",91.2,497,"Medicaid"
"311","Hib","Vermont","Full Series","Insurance Coverage",84.5,497,"Medicaid"
"312","DTaP","Vermont","≥4 Doses","Insurance Coverage",83.5,497,"Medicaid"
"313","Hep B","Vermont","≥3 Doses","Insurance Coverage",94.7,597,"Private"
"314","Hep B","Vermont","≥3 Doses","Insurance Coverage",92.4,497,"Medicaid"
"315","DTaP","Delaware","≥4 Doses","Insurance Coverage",78,409,"Medicaid"
"316","DTaP","Delaware","≥4 Doses","Insurance Coverage",90,452,"Private"
"317","≥1 Dose Varicella","Delaware",NA,"Insurance Coverage",82.7,32,"Other"
"318","Hib","Delaware","Full Series","Insurance Coverage",82.4,32,"Other"
"319","Hep B","Delaware","≥3 Doses","Insurance Coverage",87.5,32,"Other"
"320","Hep B","Delaware","≥3 Doses","Insurance Coverage",92.6,409,"Medicaid"
"321","DTaP","Delaware","≥4 Doses","Insurance Coverage",82.4,32,"Other"
"322","≥1 Dose Varicella","Delaware",NA,"Insurance Coverage",89.2,409,"Medicaid"
"323","PCV","Delaware","≥4 Doses","Insurance Coverage",86.4,32,"Other"
"324","≥1 Dose MMR","Delaware",NA,"Insurance Coverage",84.9,32,"Other"
"325","≥1 Dose MMR","Delaware",NA,"Insurance Coverage",90.4,409,"Medicaid"
"326","≥1 Dose MMR","Delaware",NA,"Insurance Coverage",95.9,452,"Private"
"327","≥1 Dose Varicella","Delaware",NA,"Insurance Coverage",95.9,452,"Private"
"328","Hep A","Delaware","≥2 Doses","Insurance Coverage",100,32,"Other"
"329","Hep A","Delaware","≥2 Doses","Insurance Coverage",76.1,409,"Medicaid"
"330","Hep A","Delaware","≥2 Doses","Insurance Coverage",87.9,452,"Private"
"331","Hep B","Delaware","≥3 Doses","Insurance Coverage",93.5,452,"Private"
"332","DTaP","Tennessee","≥4 Doses","Insurance Coverage",85.7,612,"Private"
"333","≥1 Dose Varicella","Tennessee",NA,"Insurance Coverage",83,41,"Uninsured"
"334","≥1 Dose Varicella","Tennessee",NA,"Insurance Coverage",91,469,"Medicaid"
"335","≥1 Dose Varicella","Tennessee",NA,"Insurance Coverage",88.1,54,"Other"
"336","Hib","Tennessee","Full Series","Insurance Coverage",69.2,41,"Uninsured"
"337","Hib","Tennessee","Full Series","Insurance Coverage",70.8,469,"Medicaid"
"338","Hib","Tennessee","Full Series","Insurance Coverage",83.6,54,"Other"
"339","Hep B","Tennessee","≥3 Doses","Insurance Coverage",86.9,54,"Other"
"340","DTaP","Tennessee","≥4 Doses","Insurance Coverage",73.2,469,"Medicaid"
"341","DTaP","Tennessee","≥4 Doses","Insurance Coverage",74.3,54,"Other"
"342","DTaP","Tennessee","≥4 Doses","Insurance Coverage",79.2,41,"Uninsured"
"343","Hep B","Tennessee","≥3 Doses","Insurance Coverage",95.1,612,"Private"
"344","Hep B","Tennessee","≥3 Doses","Insurance Coverage",93.4,469,"Medicaid"
"345","PCV","Tennessee","≥4 Doses","Insurance Coverage",75.2,41,"Uninsured"
"346","Hep B","Tennessee","≥3 Doses","Insurance Coverage",86.6,41,"Uninsured"
"347","≥1 Dose MMR","Tennessee",NA,"Insurance Coverage",84,41,"Uninsured"
"348","Hep A","Tennessee","≥2 Doses","Insurance Coverage",86.8,54,"Other"
"349","Hep A","Tennessee","≥2 Doses","Insurance Coverage",46.8,41,"Uninsured"
"350","≥1 Dose Varicella","Tennessee",NA,"Insurance Coverage",94.1,612,"Private"
"351","≥1 Dose MMR","Tennessee",NA,"Insurance Coverage",88.8,54,"Other"
"352","PCV","Tennessee","≥4 Doses","Insurance Coverage",75,54,"Other"
"353","≥1 Dose MMR","Tennessee",NA,"Insurance Coverage",96.1,612,"Private"
"354","≥1 Dose MMR","Tennessee",NA,"Insurance Coverage",89,469,"Medicaid"
"355","PCV","Tennessee","≥4 Doses","Insurance Coverage",73.7,469,"Medicaid"
"356","Hep A","Tennessee","≥2 Doses","Insurance Coverage",89.1,612,"Private"
"357","Hep A","Tennessee","≥2 Doses","Insurance Coverage",82.6,469,"Medicaid"
"358","Hep B","Connecticut","≥3 Doses","Insurance Coverage",94.8,595,"Private"
"359","Hep A","Connecticut","≥2 Doses","Insurance Coverage",89.6,595,"Private"
"360","Hep A","Connecticut","≥2 Doses","Insurance Coverage",85.3,186,"Medicaid"
"361","Hep A","Connecticut","≥2 Doses","Insurance Coverage",81,98,"Other"
"362","≥1 Dose Varicella","Connecticut",NA,"Insurance Coverage",94.8,595,"Private"
"363","≥1 Dose MMR","Connecticut",NA,"Insurance Coverage",96.6,595,"Private"
"364","≥1 Dose MMR","Connecticut",NA,"Insurance Coverage",94.1,186,"Medicaid"
"365","≥1 Dose MMR","Connecticut",NA,"Insurance Coverage",89.2,98,"Other"
"366","PCV","Connecticut","≥4 Doses","Insurance Coverage",83.3,98,"Other"
"367","≥1 Dose Varicella","Connecticut",NA,"Insurance Coverage",95.2,186,"Medicaid"
"368","DTaP","Connecticut","≥4 Doses","Insurance Coverage",81.9,98,"Other"
"369","Hep B","Connecticut","≥3 Doses","Insurance Coverage",94.9,186,"Medicaid"
"370","Hep B","Connecticut","≥3 Doses","Insurance Coverage",92.6,98,"Other"
"371","Hib","Connecticut","Full Series","Insurance Coverage",77.2,98,"Other"
"372","≥1 Dose Varicella","Connecticut",NA,"Insurance Coverage",88.4,98,"Other"
"373","DTaP","Connecticut","≥4 Doses","Insurance Coverage",90.9,595,"Private"
"374","DTaP","Connecticut","≥4 Doses","Insurance Coverage",87.3,186,"Medicaid"
"375","≥1 Dose Varicella","Washington",NA,"Insurance Coverage",85.7,52,"Other"
"376","≥1 Dose Varicella","Washington",NA,"Insurance Coverage",87.7,512,"Medicaid"
"377","Hib","Washington","Full Series","Insurance Coverage",80.3,52,"Other"
"378","Hib","Washington","Full Series","Insurance Coverage",75,512,"Medicaid"
"379","DTaP","Washington","≥4 Doses","Insurance Coverage",78.3,52,"Other"
"380","DTaP","Washington","≥4 Doses","Insurance Coverage",75.9,512,"Medicaid"
"381","Hep B","Washington","≥3 Doses","Insurance Coverage",91.2,963,"Private"
"382","Hep B","Washington","≥3 Doses","Insurance Coverage",87.1,512,"Medicaid"
"383","Hep B","Washington","≥3 Doses","Insurance Coverage",86.5,52,"Other"
"384","PCV","Washington","≥4 Doses","Insurance Coverage",75,52,"Other"
"385","PCV","Washington","≥4 Doses","Insurance Coverage",73.9,512,"Medicaid"
"386","≥1 Dose MMR","Washington",NA,"Insurance Coverage",94.4,963,"Private"
"387","≥1 Dose MMR","Washington",NA,"Insurance Coverage",90.1,52,"Other"
"388","≥1 Dose MMR","Washington",NA,"Insurance Coverage",89.8,512,"Medicaid"
"389","Hep A","Washington","≥2 Doses","Insurance Coverage",82.2,963,"Private"
"390","Hep A","Washington","≥2 Doses","Insurance Coverage",75.2,512,"Medicaid"
"391","DTaP","Washington","≥4 Doses","Insurance Coverage",88.4,963,"Private"
"392","Hep A","Washington","≥2 Doses","Insurance Coverage",68.1,52,"Other"
"393","≥1 Dose Varicella","Washington",NA,"Insurance Coverage",92.2,963,"Private"
"394","PCV","Colorado","≥4 Doses","Insurance Coverage",77.3,244,"Medicaid"
"395","PCV","Colorado","≥4 Doses","Insurance Coverage",90.7,624,"Private"
"396","Hib","Colorado","Full Series","Insurance Coverage",73.5,244,"Medicaid"
"397","Hib","Colorado","Full Series","Insurance Coverage",88,624,"Private"
"398","≥1 Dose MMR","Minnesota",NA,"Insurance Coverage",87,251,"Medicaid"
"399","≥1 Dose MMR","Minnesota",NA,"Insurance Coverage",95.5,721,"Private"
"400","≥1 Dose Varicella","Minnesota",NA,"Insurance Coverage",93.5,721,"Private"
"401","Hep A","Minnesota","≥2 Doses","Insurance Coverage",79.7,251,"Medicaid"
"402","Hep A","Minnesota","≥2 Doses","Insurance Coverage",88,721,"Private"
"403","DTaP","Minnesota","≥4 Doses","Insurance Coverage",88.1,721,"Private"
"404","Hib","Minnesota","Full Series","Insurance Coverage",74.8,251,"Medicaid"
"405","Hep B","Minnesota","≥3 Doses","Insurance Coverage",90.3,251,"Medicaid"
"406","DTaP","Minnesota","≥4 Doses","Insurance Coverage",72.8,251,"Medicaid"
"407","Hep B","Minnesota","≥3 Doses","Insurance Coverage",96,721,"Private"
"408","≥1 Dose Varicella","Minnesota",NA,"Insurance Coverage",86.9,251,"Medicaid"
"409","PCV","Wisconsin","≥4 Doses","Insurance Coverage",75.2,301,"Medicaid"
"410","≥1 Dose MMR","Wisconsin",NA,"Insurance Coverage",95.5,543,"Private"
"411","≥1 Dose MMR","Wisconsin",NA,"Insurance Coverage",84.9,301,"Medicaid"
"412","Hep A","Wisconsin","≥2 Doses","Insurance Coverage",81.4,543,"Private"
"413","Hep A","Wisconsin","≥2 Doses","Insurance Coverage",71.9,301,"Medicaid"
"414","DTaP","Wisconsin","≥4 Doses","Insurance Coverage",88.4,543,"Private"
"415","≥1 Dose Varicella","Wisconsin",NA,"Insurance Coverage",93.6,543,"Private"
"416","≥1 Dose Varicella","Wisconsin",NA,"Insurance Coverage",84.1,301,"Medicaid"
"417","Hib","Wisconsin","Full Series","Insurance Coverage",73.5,301,"Medicaid"
"418","DTaP","Wisconsin","≥4 Doses","Insurance Coverage",73.3,301,"Medicaid"
"419","Hep B","Wisconsin","≥3 Doses","Insurance Coverage",95.5,543,"Private"
"420","Hep B","Wisconsin","≥3 Doses","Insurance Coverage",90.5,301,"Medicaid"
"421","PCV","Michigan","≥4 Doses","Insurance Coverage",79.2,482,"Medicaid"
"422","PCV","Maryland","≥4 Doses","Insurance Coverage",79.3,716,"Medicaid"
"423","Hib","Maryland","Full Series","Insurance Coverage",88.6,1716,"Private"
"424","PCV","Maryland","≥4 Doses","Insurance Coverage",91,1716,"Private"
"425","Hib","Georgia","Full Series","Insurance Coverage",82.9,629,"Private"
"426","Hib","Georgia","Full Series","Insurance Coverage",71.6,344,"Medicaid"
"427","PCV","Georgia","≥4 Doses","Insurance Coverage",87.3,629,"Private"
"428","PCV","Georgia","≥4 Doses","Insurance Coverage",75.7,344,"Medicaid"
"429","Hib","Alaska","Full Series","Insurance Coverage",71.4,401,"Medicaid"
"430","Hib","Alaska","Full Series","Insurance Coverage",86.2,450,"Private"
"431","PCV","Alaska","≥4 Doses","Insurance Coverage",67.3,401,"Medicaid"
"432","PCV","Alaska","≥4 Doses","Insurance Coverage",85.5,450,"Private"
"433","≥1 Dose Varicella","Illinois",NA,"Insurance Coverage",87.1,34,"Uninsured"
"434","Hib","Illinois","Full Series","Insurance Coverage",61.4,34,"Uninsured"
"435","Hep B","Illinois","≥3 Doses","Insurance Coverage",93.5,34,"Uninsured"
"436","DTaP","Illinois","≥4 Doses","Insurance Coverage",81.2,34,"Uninsured"
"437","Hep B","Illinois","≥3 Doses","Insurance Coverage",90.9,640,"Medicaid"
"438","DTaP","Illinois","≥4 Doses","Insurance Coverage",72.9,640,"Medicaid"
"439","PCV","Illinois","≥4 Doses","Insurance Coverage",82.6,34,"Uninsured"
"440","≥1 Dose MMR","Illinois",NA,"Insurance Coverage",80.8,34,"Uninsured"
"441","Hep A","Illinois","≥2 Doses","Insurance Coverage",49.3,34,"Uninsured"
"442","≥1 Dose Varicella","Illinois",NA,"Insurance Coverage",88.6,640,"Medicaid"
"443","DTaP","Illinois","≥4 Doses","Insurance Coverage",88.3,1184,"Private"
"444","≥1 Dose MMR","Illinois",NA,"Insurance Coverage",89.5,640,"Medicaid"
"445","≥1 Dose MMR","Illinois",NA,"Insurance Coverage",93.6,1184,"Private"
"446","≥1 Dose Varicella","Illinois",NA,"Insurance Coverage",94.7,1184,"Private"
"447","Hep A","Illinois","≥2 Doses","Insurance Coverage",69.5,640,"Medicaid"
"448","Hep A","Illinois","≥2 Doses","Insurance Coverage",83.1,1184,"Private"
"449","Hep B","Illinois","≥3 Doses","Insurance Coverage",95,1184,"Private"
"450","PCV","Illinois","≥4 Doses","Insurance Coverage",76.3,640,"Medicaid"
"451","PCV","Illinois","≥4 Doses","Insurance Coverage",90.4,1184,"Private"
"452","Hib","Illinois","Full Series","Insurance Coverage",74.6,640,"Medicaid"
"453","Hib","Illinois","Full Series","Insurance Coverage",85.9,1184,"Private"
"454","PCV","South Carolina","≥4 Doses","Insurance Coverage",78.8,415,"Medicaid"
"455","PCV","South Carolina","≥4 Doses","Insurance Coverage",91.6,507,"Private"
"456","Hib","South Carolina","Full Series","Insurance Coverage",83.2,507,"Private"
"457","Hep A","Pennsylvania","≥2 Doses","Insurance Coverage",89,1244,"Private"
"458","Hep A","Pennsylvania","≥2 Doses","Insurance Coverage",79.5,804,"Medicaid"
"459","≥1 Dose MMR","Pennsylvania",NA,"Insurance Coverage",96.3,1244,"Private"
"460","≥1 Dose MMR","Pennsylvania",NA,"Insurance Coverage",93.8,804,"Medicaid"
"461","≥1 Dose MMR","Pennsylvania",NA,"Insurance Coverage",94.4,131,"Other"
"462","PCV","Pennsylvania","≥4 Doses","Insurance Coverage",81.3,131,"Other"
"463","≥1 Dose Varicella","Pennsylvania",NA,"Insurance Coverage",96.7,1244,"Private"
"464","Hep A","Pennsylvania","≥2 Doses","Insurance Coverage",71.9,131,"Other"
"465","Hep A","Pennsylvania","≥2 Doses","Insurance Coverage",75.5,32,"Uninsured"
"466","≥1 Dose MMR","Pennsylvania",NA,"Insurance Coverage",74.4,32,"Uninsured"
"467","Hep B","Pennsylvania","≥3 Doses","Insurance Coverage",73.6,32,"Uninsured"
"468","PCV","Pennsylvania","≥4 Doses","Insurance Coverage",50.4,32,"Uninsured"
"469","Hep B","Pennsylvania","≥3 Doses","Insurance Coverage",96,1244,"Private"
"470","Hep B","Pennsylvania","≥3 Doses","Insurance Coverage",94.5,804,"Medicaid"
"471","DTaP","Pennsylvania","≥4 Doses","Insurance Coverage",79.1,131,"Other"
"472","DTaP","Pennsylvania","≥4 Doses","Insurance Coverage",57.1,32,"Uninsured"
"473","DTaP","Pennsylvania","≥4 Doses","Insurance Coverage",82.6,804,"Medicaid"
"474","Hep B","Pennsylvania","≥3 Doses","Insurance Coverage",87.7,131,"Other"
"475","Hib","Pennsylvania","Full Series","Insurance Coverage",82.8,131,"Other"
"476","Hib","Pennsylvania","Full Series","Insurance Coverage",54.8,32,"Uninsured"
"477","Hib","Pennsylvania","Full Series","Insurance Coverage",79.5,804,"Medicaid"
"478","≥1 Dose Varicella","Pennsylvania",NA,"Insurance Coverage",93.3,804,"Medicaid"
"479","≥1 Dose Varicella","Pennsylvania",NA,"Insurance Coverage",59.1,32,"Uninsured"
"480","≥1 Dose Varicella","Pennsylvania",NA,"Insurance Coverage",92.5,131,"Other"
"481","DTaP","Pennsylvania","≥4 Doses","Insurance Coverage",90.8,1244,"Private"
"482","PCV","Pennsylvania","≥4 Doses","Insurance Coverage",84.2,804,"Medicaid"
"483","PCV","Pennsylvania","≥4 Doses","Insurance Coverage",93.5,1244,"Private"
"484","Hib","Pennsylvania","Full Series","Insurance Coverage",90.4,1244,"Private"
"485","DTaP","Missouri","≥4 Doses","Insurance Coverage",85.1,793,"Private"
"486","≥1 Dose Varicella","Missouri",NA,"Insurance Coverage",75.9,62,"Uninsured"
"487","Hib","Missouri","Full Series","Insurance Coverage",61,62,"Uninsured"
"488","Hib","Missouri","Full Series","Insurance Coverage",66.9,413,"Medicaid"
"489","DTaP","Missouri","≥4 Doses","Insurance Coverage",64.6,62,"Uninsured"
"490","Hep B","Missouri","≥3 Doses","Insurance Coverage",84.2,413,"Medicaid"
"491","DTaP","Missouri","≥4 Doses","Insurance Coverage",69.9,413,"Medicaid"
"492","Hep B","Missouri","≥3 Doses","Insurance Coverage",95.9,793,"Private"
"493","PCV","Missouri","≥4 Doses","Insurance Coverage",65.5,62,"Uninsured"
"494","≥1 Dose MMR","Missouri",NA,"Insurance Coverage",76.9,62,"Uninsured"
"495","Hep A","Missouri","≥2 Doses","Insurance Coverage",60.4,62,"Uninsured"
"496","≥1 Dose Varicella","Missouri",NA,"Insurance Coverage",84.8,413,"Medicaid"
"497","Hep B","Missouri","≥3 Doses","Insurance Coverage",82.1,62,"Uninsured"
"498","≥1 Dose MMR","Missouri",NA,"Insurance Coverage",83.8,413,"Medicaid"
"499","≥1 Dose MMR","Missouri",NA,"Insurance Coverage",93.5,793,"Private"
"500","≥1 Dose Varicella","Missouri",NA,"Insurance Coverage",92.8,793,"Private"
"501","Hep A","Missouri","≥2 Doses","Insurance Coverage",64.4,413,"Medicaid"
"502","Hep A","Missouri","≥2 Doses","Insurance Coverage",84.3,793,"Private"
"503","PCV","Missouri","≥4 Doses","Insurance Coverage",70.2,413,"Medicaid"
"504","PCV","Missouri","≥4 Doses","Insurance Coverage",87.7,793,"Private"
"505","Hib","Missouri","Full Series","Insurance Coverage",84.4,793,"Private"
"506","Hep A","Nevada","≥2 Doses","Insurance Coverage",88.6,659,"Private"
"507","Hep A","Nevada","≥2 Doses","Insurance Coverage",77.4,511,"Medicaid"
"508","≥1 Dose Varicella","Nevada",NA,"Insurance Coverage",89.8,659,"Private"
"509","≥1 Dose MMR","Nevada",NA,"Insurance Coverage",90.6,659,"Private"
"510","≥1 Dose MMR","Nevada",NA,"Insurance Coverage",92,511,"Medicaid"
"511","≥1 Dose MMR","Nevada",NA,"Insurance Coverage",86.7,43,"Other"
"512","PCV","Nevada","≥4 Doses","Insurance Coverage",54.9,43,"Other"
"513","≥1 Dose Varicella","Nevada",NA,"Insurance Coverage",92.8,511,"Medicaid"
"514","Hep A","Nevada","≥2 Doses","Insurance Coverage",77.5,54,"Uninsured"
"515","Hep A","Nevada","≥2 Doses","Insurance Coverage",65.6,43,"Other"
"516","≥1 Dose MMR","Nevada",NA,"Insurance Coverage",96,54,"Uninsured"
"517","Hep B","Nevada","≥3 Doses","Insurance Coverage",92.2,54,"Uninsured"
"518","PCV","Nevada","≥4 Doses","Insurance Coverage",75.8,54,"Uninsured"
"519","Hep B","Nevada","≥3 Doses","Insurance Coverage",92.7,659,"Private"
"520","DTaP","Nevada","≥4 Doses","Insurance Coverage",76.7,511,"Medicaid"
"521","Hep B","Nevada","≥3 Doses","Insurance Coverage",91.3,511,"Medicaid"
"522","DTaP","Nevada","≥4 Doses","Insurance Coverage",66.3,54,"Uninsured"
"523","DTaP","Nevada","≥4 Doses","Insurance Coverage",61,43,"Other"
"524","Hep B","Nevada","≥3 Doses","Insurance Coverage",79.6,43,"Other"
"525","Hib","Nevada","Full Series","Insurance Coverage",75.1,511,"Medicaid"
"526","Hib","Nevada","Full Series","Insurance Coverage",71.6,54,"Uninsured"
"527","Hib","Nevada","Full Series","Insurance Coverage",63.3,43,"Other"
"528","≥1 Dose Varicella","Nevada",NA,"Insurance Coverage",83.4,43,"Other"
"529","≥1 Dose Varicella","Nevada",NA,"Insurance Coverage",95.5,54,"Uninsured"
"530","DTaP","Nevada","≥4 Doses","Insurance Coverage",82.6,659,"Private"
"531","PCV","Idaho","≥4 Doses","Insurance Coverage",80.1,521,"Medicaid"
"532","PCV","Idaho","≥4 Doses","Insurance Coverage",88.9,741,"Private"
"533","Hib","Idaho","Full Series","Insurance Coverage",79.6,521,"Medicaid"
"534","Hib","Idaho","Full Series","Insurance Coverage",84.7,741,"Private"
"535","Hib","Maine","Full Series","Insurance Coverage",89.7,522,"Private"
"536","PCV","Maine","≥4 Doses","Insurance Coverage",91,522,"Private"
"537","PCV","Hawaii","≥4 Doses","Insurance Coverage",75.3,323,"Medicaid"
"538","PCV","Hawaii","≥4 Doses","Insurance Coverage",83.4,535,"Private"
"539","Hib","Hawaii","Full Series","Insurance Coverage",72.5,323,"Medicaid"
"540","Hib","Hawaii","Full Series","Insurance Coverage",84.4,535,"Private"
"541","Hib","Oklahoma","Full Series","Insurance Coverage",81.9,368,"Private"
"542","PCV","Oklahoma","≥4 Doses","Insurance Coverage",82,368,"Private"
"543","PCV","Oklahoma","≥4 Doses","Insurance Coverage",78.3,453,"Medicaid"
"544","PCV","Montana","≥4 Doses","Insurance Coverage",77.5,338,"Medicaid"
"545","PCV","Montana","≥4 Doses","Insurance Coverage",87.5,493,"Private"
"546","Hib","Montana","Full Series","Insurance Coverage",80.6,493,"Private"
"547","Hib","Texas","Full Series","Insurance Coverage",83.2,2267,"Private"
"548","PCV","Texas","≥4 Doses","Insurance Coverage",86.7,2267,"Private"
"549","Hib","West Virginia","Full Series","Insurance Coverage",85.7,399,"Private"
"550","PCV","West Virginia","≥4 Doses","Insurance Coverage",89,399,"Private"
"551","Hep B","Wyoming","≥3 Doses","Insurance Coverage",98.6,40,"Other"
"552","Hib","Wyoming","Full Series","Insurance Coverage",84.6,573,"Private"
"553","PCV","Wyoming","≥4 Doses","Insurance Coverage",88.2,573,"Private"
"554","Hep A","New York","≥2 Doses","Insurance Coverage",78.2,1314,"Private"
"555","Hep A","New York","≥2 Doses","Insurance Coverage",70.4,701,"Medicaid"
"556","≥1 Dose Varicella","New York",NA,"Insurance Coverage",94.5,1314,"Private"
"557","≥1 Dose MMR","New York",NA,"Insurance Coverage",94.4,1314,"Private"
"558","≥1 Dose MMR","New York",NA,"Insurance Coverage",89.6,701,"Medicaid"
"559","≥1 Dose MMR","New York",NA,"Insurance Coverage",86.8,263,"Other"
"560","PCV","New York","≥4 Doses","Insurance Coverage",72.9,263,"Other"
"561","≥1 Dose Varicella","New York",NA,"Insurance Coverage",87.8,701,"Medicaid"
"562","Hep A","New York","≥2 Doses","Insurance Coverage",65.2,263,"Other"
"563","Hep B","New York","≥3 Doses","Insurance Coverage",93.7,1314,"Private"
"564","DTaP","New York","≥4 Doses","Insurance Coverage",72.9,701,"Medicaid"
"565","Hep B","New York","≥3 Doses","Insurance Coverage",87.5,701,"Medicaid"
"566","DTaP","New York","≥4 Doses","Insurance Coverage",76.2,263,"Other"
"567","Hep B","New York","≥3 Doses","Insurance Coverage",84.1,263,"Other"
"568","Hib","New York","Full Series","Insurance Coverage",72.4,701,"Medicaid"
"569","Hib","New York","Full Series","Insurance Coverage",72.1,263,"Other"
"570","≥1 Dose Varicella","New York",NA,"Insurance Coverage",81.8,263,"Other"
"571","DTaP","New York","≥4 Doses","Insurance Coverage",88.1,1314,"Private"
"572","PCV","Nevada","≥4 Doses","Insurance Coverage",76.2,511,"Medicaid"
"573","PCV","Nevada","≥4 Doses","Insurance Coverage",83.2,659,"Private"
"574","Hib","Nevada","Full Series","Insurance Coverage",81.4,659,"Private"
"575","PCV","Rhode Island","≥4 Doses","Insurance Coverage",87.4,349,"Medicaid"
"576","PCV","Rhode Island","≥4 Doses","Insurance Coverage",94.2,487,"Private"
"577","Hib","Rhode Island","Full Series","Insurance Coverage",89.4,487,"Private"
"578","PCV","Delaware","≥4 Doses","Insurance Coverage",82.4,409,"Medicaid"
"579","PCV","Delaware","≥4 Doses","Insurance Coverage",89.5,452,"Private"
"580","Hib","Delaware","Full Series","Insurance Coverage",76.9,409,"Medicaid"
"581","Hib","Delaware","Full Series","Insurance Coverage",88.3,452,"Private"
"582","PCV","Maine","≥4 Doses","Insurance Coverage",81.7,349,"Medicaid"
"583","≥1 Dose MMR","Maine",NA,"Insurance Coverage",89.4,349,"Medicaid"
"584","≥1 Dose MMR","Maine",NA,"Insurance Coverage",97,522,"Private"
"585","≥1 Dose Varicella","Maine",NA,"Insurance Coverage",95.5,522,"Private"
"586","Hep A","Maine","≥2 Doses","Insurance Coverage",75.6,349,"Medicaid"
"587","Hep A","Maine","≥2 Doses","Insurance Coverage",86.6,522,"Private"
"588","DTaP","Maine","≥4 Doses","Insurance Coverage",91.1,522,"Private"
"589","≥1 Dose Varicella","Maine",NA,"Insurance Coverage",78.6,32,"Uninsured"
"590","Hib","Maine","Full Series","Insurance Coverage",79.8,349,"Medicaid"
"591","Hib","Maine","Full Series","Insurance Coverage",79.5,32,"Uninsured"
"592","Hep B","Maine","≥3 Doses","Insurance Coverage",82.3,32,"Uninsured"
"593","Hep B","Maine","≥3 Doses","Insurance Coverage",89.7,349,"Medicaid"
"594","DTaP","Maine","≥4 Doses","Insurance Coverage",81.3,32,"Uninsured"
"595","DTaP","Maine","≥4 Doses","Insurance Coverage",80.6,349,"Medicaid"
"596","Hep B","Maine","≥3 Doses","Insurance Coverage",93.3,522,"Private"
"597","PCV","Maine","≥4 Doses","Insurance Coverage",66,32,"Uninsured"
"598","≥1 Dose MMR","Maine",NA,"Insurance Coverage",83.4,32,"Uninsured"
"599","Hep A","Maine","≥2 Doses","Insurance Coverage",57.9,32,"Uninsured"
"600","≥1 Dose Varicella","Maine",NA,"Insurance Coverage",90.3,349,"Medicaid"
"601","PCV","Ohio","≥4 Doses","Insurance Coverage",87.3,757,"Private"
"602","Hib","Ohio","Full Series","Insurance Coverage",84,757,"Private"
"603","PCV","Ohio","≥4 Doses","Insurance Coverage",74.9,412,"Medicaid"
"604","Hib","New Jersey","Full Series","Insurance Coverage",86.3,695,"Private"
"605","PCV","New Jersey","≥4 Doses","Insurance Coverage",88.5,695,"Private"
"606","PCV","New Jersey","≥4 Doses","Insurance Coverage",72.9,286,"Medicaid"
"607","PCV","Virginia","≥4 Doses","Insurance Coverage",91.7,1368,"Private"
"608","Hib","Virginia","Full Series","Insurance Coverage",88.4,1368,"Private"
"609","Hib","Arizona","Full Series","Insurance Coverage",83.6,547,"Private"
"610","Hib","Arizona","Full Series","Insurance Coverage",73.8,335,"Medicaid"
"611","Hib","Kentucky","Full Series","Insurance Coverage",85,467,"Private"
"612","PCV","Kentucky","≥4 Doses","Insurance Coverage",89.4,467,"Private"
"613","PCV","Kentucky","≥4 Doses","Insurance Coverage",79.1,335,"Medicaid"
"614","Hib","Michigan","Full Series","Insurance Coverage",88.4,808,"Private"
"615","PCV","Michigan","≥4 Doses","Insurance Coverage",90,808,"Private"
"616","PCV","New Hampshire","≥4 Doses","Insurance Coverage",84.2,275,"Medicaid"
"617","Hib","New Hampshire","Full Series","Insurance Coverage",88.8,563,"Private"
"618","PCV","New Hampshire","≥4 Doses","Insurance Coverage",91.4,563,"Private"
"619","PCV","Washington","≥4 Doses","Insurance Coverage",89.8,963,"Private"
"620","Hib","Washington","Full Series","Insurance Coverage",88.3,963,"Private"
"621","PCV","Utah","≥4 Doses","Insurance Coverage",86.2,751,"Private"
"622","Hib","Utah","Full Series","Insurance Coverage",82.6,751,"Private"
"623","≥1 Dose MMR","Massachusetts",NA,"Insurance Coverage",92.3,237,"Medicaid"
"624","≥1 Dose MMR","Massachusetts",NA,"Insurance Coverage",97.5,895,"Private"
"625","≥1 Dose Varicella","Massachusetts",NA,"Insurance Coverage",96.6,895,"Private"
"626","Hep A","Massachusetts","≥2 Doses","Insurance Coverage",81.7,237,"Medicaid"
"627","Hep A","Massachusetts","≥2 Doses","Insurance Coverage",91.1,895,"Private"
"628","DTaP","Massachusetts","≥4 Doses","Insurance Coverage",92.2,895,"Private"
"629","Hib","Massachusetts","Full Series","Insurance Coverage",82.9,237,"Medicaid"
"630","Hep B","Massachusetts","≥3 Doses","Insurance Coverage",92.7,237,"Medicaid"
"631","DTaP","Massachusetts","≥4 Doses","Insurance Coverage",83.4,237,"Medicaid"
"632","Hep B","Massachusetts","≥3 Doses","Insurance Coverage",96.5,895,"Private"
"633","≥1 Dose Varicella","Massachusetts",NA,"Insurance Coverage",92.2,237,"Medicaid"
"634","PCV","Florida","≥4 Doses","Insurance Coverage",78.1,510,"Medicaid"
"635","PCV","Florida","≥4 Doses","Insurance Coverage",87.3,671,"Private"
"636","Hib","Florida","Full Series","Insurance Coverage",77.4,510,"Medicaid"
"637","Hib","Florida","Full Series","Insurance Coverage",88.1,671,"Private"
"638","PCV","Nebraska","≥4 Doses","Insurance Coverage",85.2,300,"Medicaid"
"639","≥1 Dose MMR","Nebraska",NA,"Insurance Coverage",93.1,300,"Medicaid"
"640","≥1 Dose MMR","Nebraska",NA,"Insurance Coverage",95.8,597,"Private"
"641","≥1 Dose Varicella","Nebraska",NA,"Insurance Coverage",95.4,597,"Private"
"642","Hep A","Nebraska","≥2 Doses","Insurance Coverage",79.9,300,"Medicaid"
"643","Hep A","Nebraska","≥2 Doses","Insurance Coverage",81.9,597,"Private"
"644","DTaP","Nebraska","≥4 Doses","Insurance Coverage",87.9,597,"Private"
"645","Hib","Nebraska","Full Series","Insurance Coverage",81.1,300,"Medicaid"
"646","Hep B","Nebraska","≥3 Doses","Insurance Coverage",94.8,300,"Medicaid"
"647","DTaP","Nebraska","≥4 Doses","Insurance Coverage",83.1,300,"Medicaid"
"648","Hep B","Nebraska","≥3 Doses","Insurance Coverage",94.7,597,"Private"
"649","≥1 Dose Varicella","Nebraska",NA,"Insurance Coverage",91.4,300,"Medicaid"
"650","PCV","North Carolina","≥4 Doses","Insurance Coverage",91.2,656,"Private"
"651","Hib","North Carolina","Full Series","Insurance Coverage",90.3,656,"Private"
"652","PCV","North Carolina","≥4 Doses","Insurance Coverage",84.2,379,"Medicaid"
"653","Hep A","Montana","≥2 Doses","Insurance Coverage",74.1,493,"Private"
"654","Hep A","Montana","≥2 Doses","Insurance Coverage",68,338,"Medicaid"
"655","≥1 Dose Varicella","Montana",NA,"Insurance Coverage",90.1,493,"Private"
"656","≥1 Dose MMR","Montana",NA,"Insurance Coverage",91.7,493,"Private"
"657","≥1 Dose MMR","Montana",NA,"Insurance Coverage",89.3,338,"Medicaid"
"658","≥1 Dose MMR","Montana",NA,"Insurance Coverage",84.3,43,"Other"
"659","PCV","Montana","≥4 Doses","Insurance Coverage",75.3,43,"Other"
"660","≥1 Dose Varicella","Montana",NA,"Insurance Coverage",85.6,338,"Medicaid"
"661","Hep A","Montana","≥2 Doses","Insurance Coverage",50.1,43,"Other"
"662","Hep B","Montana","≥3 Doses","Insurance Coverage",93.6,493,"Private"
"663","DTaP","Montana","≥4 Doses","Insurance Coverage",71.3,338,"Medicaid"
"664","Hep B","Montana","≥3 Doses","Insurance Coverage",93.3,338,"Medicaid"
"665","DTaP","Montana","≥4 Doses","Insurance Coverage",77.5,43,"Other"
"666","Hep B","Montana","≥3 Doses","Insurance Coverage",84.4,43,"Other"
"667","Hib","Montana","Full Series","Insurance Coverage",76.4,338,"Medicaid"
"668","Hib","Montana","Full Series","Insurance Coverage",74.8,43,"Other"
"669","≥1 Dose Varicella","Montana",NA,"Insurance Coverage",68.9,43,"Other"
"670","DTaP","Montana","≥4 Doses","Insurance Coverage",83.1,493,"Private"
"671","≥1 Dose MMR","Hawaii",NA,"Insurance Coverage",87.4,323,"Medicaid"
"672","≥1 Dose MMR","Hawaii",NA,"Insurance Coverage",88.5,535,"Private"
"673","≥1 Dose Varicella","Hawaii",NA,"Insurance Coverage",87.4,535,"Private"
"674","Hep A","Hawaii","≥2 Doses","Insurance Coverage",67.9,323,"Medicaid"
"675","Hep A","Hawaii","≥2 Doses","Insurance Coverage",77.5,535,"Private"
"676","Hep B","Hawaii","≥3 Doses","Insurance Coverage",88.1,535,"Private"
"677","DTaP","Hawaii","≥4 Doses","Insurance Coverage",73,323,"Medicaid"
"678","DTaP","Hawaii","≥4 Doses","Insurance Coverage",83.7,535,"Private"
"679","Hep B","Hawaii","≥3 Doses","Insurance Coverage",91.8,323,"Medicaid"
"680","≥1 Dose Varicella","Hawaii",NA,"Insurance Coverage",85.2,323,"Medicaid"
"681","≥1 Dose Varicella","Iowa",NA,"Insurance Coverage",93.1,62,"Other"
"682","Hib","Iowa","Full Series","Insurance Coverage",89.1,62,"Other"
"683","Hep B","Iowa","≥3 Doses","Insurance Coverage",98.6,62,"Other"
"684","Hep B","Iowa","≥3 Doses","Insurance Coverage",95,282,"Medicaid"
"685","DTaP","Iowa","≥4 Doses","Insurance Coverage",81.8,62,"Other"
"686","DTaP","Iowa","≥4 Doses","Insurance Coverage",79,282,"Medicaid"
"687","Hep A","Iowa","≥2 Doses","Insurance Coverage",87.9,62,"Other"
"688","≥1 Dose Varicella","Iowa",NA,"Insurance Coverage",92.9,282,"Medicaid"
"689","DTaP","Iowa","≥4 Doses","Insurance Coverage",91,469,"Private"
"690","PCV","Iowa","≥4 Doses","Insurance Coverage",82,62,"Other"
"691","≥1 Dose MMR","Iowa",NA,"Insurance Coverage",96.7,62,"Other"
"692","≥1 Dose MMR","Iowa",NA,"Insurance Coverage",93.2,282,"Medicaid"
"693","≥1 Dose MMR","Iowa",NA,"Insurance Coverage",96.1,469,"Private"
"694","≥1 Dose Varicella","Iowa",NA,"Insurance Coverage",95.1,469,"Private"
"695","Hep A","Iowa","≥2 Doses","Insurance Coverage",74.7,282,"Medicaid"
"696","Hep A","Iowa","≥2 Doses","Insurance Coverage",82.5,469,"Private"
"697","Hep B","Iowa","≥3 Doses","Insurance Coverage",96.7,469,"Private"
"698","Hep B","Rhode Island","≥3 Doses","Insurance Coverage",97.3,487,"Private"
"699","Hep B","Rhode Island","≥3 Doses","Insurance Coverage",96.7,349,"Medicaid"
"700","DTaP","Rhode Island","≥4 Doses","Insurance Coverage",84.4,349,"Medicaid"
"701","Hib","Rhode Island","Full Series","Insurance Coverage",85.6,349,"Medicaid"
"702","≥1 Dose Varicella","Rhode Island",NA,"Insurance Coverage",92.5,349,"Medicaid"
"703","DTaP","Rhode Island","≥4 Doses","Insurance Coverage",91.4,487,"Private"
"704","Hep A","Rhode Island","≥2 Doses","Insurance Coverage",91.1,487,"Private"
"705","Hep A","Rhode Island","≥2 Doses","Insurance Coverage",86.4,349,"Medicaid"
"706","≥1 Dose MMR","Rhode Island",NA,"Insurance Coverage",97.2,487,"Private"
"707","≥1 Dose MMR","Rhode Island",NA,"Insurance Coverage",93.1,349,"Medicaid"
"708","≥1 Dose Varicella","Rhode Island",NA,"Insurance Coverage",96.3,487,"Private"
"709","DTaP","Florida","≥4 Doses","Insurance Coverage",79.1,510,"Medicaid"
"710","DTaP","Florida","≥4 Doses","Insurance Coverage",87.9,671,"Private"
"711","≥1 Dose Varicella","Florida",NA,"Insurance Coverage",71.2,30,"Uninsured"
"712","Hib","Florida","Full Series","Insurance Coverage",45.9,30,"Uninsured"
"713","Hep B","Florida","≥3 Doses","Insurance Coverage",79.4,30,"Uninsured"
"714","Hep B","Florida","≥3 Doses","Insurance Coverage",92.2,510,"Medicaid"
"715","DTaP","Florida","≥4 Doses","Insurance Coverage",58.6,30,"Uninsured"
"716","PCV","Florida","≥4 Doses","Insurance Coverage",42.9,30,"Uninsured"
"717","Hep A","Florida","≥2 Doses","Insurance Coverage",34.5,30,"Uninsured"
"718","≥1 Dose Varicella","Florida",NA,"Insurance Coverage",91.8,510,"Medicaid"
"719","≥1 Dose MMR","Florida",NA,"Insurance Coverage",83.5,30,"Uninsured"
"720","≥1 Dose MMR","Florida",NA,"Insurance Coverage",91.2,510,"Medicaid"
"721","≥1 Dose MMR","Florida",NA,"Insurance Coverage",93.5,671,"Private"
"722","≥1 Dose Varicella","Florida",NA,"Insurance Coverage",93.7,671,"Private"
"723","Hep A","Florida","≥2 Doses","Insurance Coverage",70.7,510,"Medicaid"
"724","Hep A","Florida","≥2 Doses","Insurance Coverage",74.4,671,"Private"
"725","Hep B","Florida","≥3 Doses","Insurance Coverage",93,671,"Private"
"726","Hep A","Arkansas","≥2 Doses","Insurance Coverage",47.5,56,"Uninsured"
"727","≥1 Dose Varicella","Arkansas",NA,"Insurance Coverage",91.4,559,"Medicaid"
"728","DTaP","Arkansas","≥4 Doses","Insurance Coverage",83.7,528,"Private"
"729","≥1 Dose Varicella","Arkansas",NA,"Insurance Coverage",72.3,56,"Uninsured"
"730","≥1 Dose Varicella","Arkansas",NA,"Insurance Coverage",87.7,181,"Other"
"731","Hib","Arkansas","Full Series","Insurance Coverage",59.1,56,"Uninsured"
"732","Hib","Arkansas","Full Series","Insurance Coverage",74.2,181,"Other"
"733","Hep B","Arkansas","≥3 Doses","Insurance Coverage",90.5,56,"Uninsured"
"734","Hep B","Arkansas","≥3 Doses","Insurance Coverage",91.4,181,"Other"
"735","Hep B","Arkansas","≥3 Doses","Insurance Coverage",93.7,559,"Medicaid"
"736","DTaP","Arkansas","≥4 Doses","Insurance Coverage",56.5,56,"Uninsured"
"737","DTaP","Arkansas","≥4 Doses","Insurance Coverage",67.7,181,"Other"
"738","PCV","Arkansas","≥4 Doses","Insurance Coverage",57,56,"Uninsured"
"739","PCV","Arkansas","≥4 Doses","Insurance Coverage",74.4,181,"Other"
"740","≥1 Dose MMR","Arkansas",NA,"Insurance Coverage",72.3,56,"Uninsured"
"741","≥1 Dose MMR","Arkansas",NA,"Insurance Coverage",88.1,181,"Other"
"742","≥1 Dose MMR","Arkansas",NA,"Insurance Coverage",90.9,559,"Medicaid"
"743","≥1 Dose MMR","Arkansas",NA,"Insurance Coverage",91.6,528,"Private"
"744","≥1 Dose Varicella","Arkansas",NA,"Insurance Coverage",91.6,528,"Private"
"745","Hep A","Arkansas","≥2 Doses","Insurance Coverage",71.3,181,"Other"
"746","Hep A","Arkansas","≥2 Doses","Insurance Coverage",73.6,559,"Medicaid"
"747","Hep A","Arkansas","≥2 Doses","Insurance Coverage",82.3,528,"Private"
"748","Hep B","Arkansas","≥3 Doses","Insurance Coverage",93,528,"Private"
"749","DTaP","Arkansas","≥4 Doses","Insurance Coverage",73.5,559,"Medicaid"
"750","DTaP","Wyoming","≥4 Doses","Insurance Coverage",82.5,573,"Private"
"751","Hep A","Wyoming","≥2 Doses","Insurance Coverage",67.6,276,"Medicaid"
"752","Hep A","Wyoming","≥2 Doses","Insurance Coverage",68.6,573,"Private"
"753","≥1 Dose MMR","Wyoming",NA,"Insurance Coverage",90.7,276,"Medicaid"
"754","≥1 Dose MMR","Wyoming",NA,"Insurance Coverage",93,40,"Other"
"755","≥1 Dose MMR","Wyoming",NA,"Insurance Coverage",93.2,573,"Private"
"756","PCV","Wyoming","≥4 Doses","Insurance Coverage",76.5,276,"Medicaid"
"757","PCV","Wyoming","≥4 Doses","Insurance Coverage",94.2,40,"Other"
"758","Hep B","Wyoming","≥3 Doses","Insurance Coverage",89.8,276,"Medicaid"
"759","DTaP","Wyoming","≥4 Doses","Insurance Coverage",68.7,68,"Uninsured"
"760","Hep B","Wyoming","≥3 Doses","Insurance Coverage",95.3,573,"Private"
"761","DTaP","Wyoming","≥4 Doses","Insurance Coverage",73.5,276,"Medicaid"
"762","DTaP","Wyoming","≥4 Doses","Insurance Coverage",75.8,40,"Other"
"763","Hib","Wyoming","Full Series","Insurance Coverage",75.5,276,"Medicaid"
"764","Hib","Wyoming","Full Series","Insurance Coverage",93.5,40,"Other"
"765","Hib","Wyoming","Full Series","Insurance Coverage",67.3,68,"Uninsured"
"766","≥1 Dose Varicella","Wyoming",NA,"Insurance Coverage",90.2,276,"Medicaid"
"767","≥1 Dose Varicella","Wyoming",NA,"Insurance Coverage",96.6,40,"Other"
"768","≥1 Dose Varicella","Wyoming",NA,"Insurance Coverage",84.4,68,"Uninsured"
"769","≥1 Dose Varicella","Wyoming",NA,"Insurance Coverage",92.4,573,"Private"
"770","Hep A","Wyoming","≥2 Doses","Insurance Coverage",76.6,40,"Other"
"771","Hep A","Wyoming","≥2 Doses","Insurance Coverage",54,68,"Uninsured"
"772","≥1 Dose MMR","Wyoming",NA,"Insurance Coverage",85.8,68,"Uninsured"
"773","Hep B","Wyoming","≥3 Doses","Insurance Coverage",85.1,68,"Uninsured"
"774","PCV","Wyoming","≥4 Doses","Insurance Coverage",65,68,"Uninsured"
"775","Hep B","California","≥3 Doses","Insurance Coverage",92.8,1171,"Private"
"776","Hep A","California","≥2 Doses","Insurance Coverage",77.7,1171,"Private"
"777","Hep A","California","≥2 Doses","Insurance Coverage",75.8,421,"Medicaid"
"778","Hep A","California","≥2 Doses","Insurance Coverage",83.4,36,"Other"
"779","≥1 Dose Varicella","California",NA,"Insurance Coverage",91.6,1171,"Private"
"780","≥1 Dose MMR","California",NA,"Insurance Coverage",93.1,1171,"Private"
"781","≥1 Dose MMR","California",NA,"Insurance Coverage",87.5,421,"Medicaid"
"782","≥1 Dose MMR","California",NA,"Insurance Coverage",85.8,36,"Other"
"783","PCV","California","≥4 Doses","Insurance Coverage",75.6,36,"Other"
"784","≥1 Dose Varicella","California",NA,"Insurance Coverage",87.1,421,"Medicaid"
"785","DTaP","California","≥4 Doses","Insurance Coverage",75,36,"Other"
"786","Hep B","California","≥3 Doses","Insurance Coverage",88.7,421,"Medicaid"
"787","Hep B","California","≥3 Doses","Insurance Coverage",99.5,36,"Other"
"788","Hib","California","Full Series","Insurance Coverage",75.6,36,"Other"
"789","≥1 Dose Varicella","California",NA,"Insurance Coverage",96.4,36,"Other"
"790","DTaP","California","≥4 Doses","Insurance Coverage",85.5,1171,"Private"
"791","DTaP","California","≥4 Doses","Insurance Coverage",76.4,421,"Medicaid"
"792","PCV","New Mexico","≥4 Doses","Insurance Coverage",87.3,555,"Private"
"793","Hib","New Mexico","Full Series","Insurance Coverage",87.7,555,"Private"
"794","Hib","Connecticut","Full Series","Insurance Coverage",93.1,595,"Private"
"795","Hib","Connecticut","Full Series","Insurance Coverage",88.5,186,"Medicaid"
"796","PCV","Connecticut","≥4 Doses","Insurance Coverage",94.6,595,"Private"
"797","PCV","Connecticut","≥4 Doses","Insurance Coverage",89.5,186,"Medicaid"
"798","PCV","Alabama","≥4 Doses","Insurance Coverage",89.1,454,"Private"
"799","PCV","Alabama","≥4 Doses","Insurance Coverage",83.1,404,"Medicaid"
"800","Hib","Alabama","Full Series","Insurance Coverage",89.1,454,"Private"
"801","Hib","Alabama","Full Series","Insurance Coverage",76.5,404,"Medicaid"
"802","Hep B","Alabama","≥3 Doses","Insurance Coverage",94.6,454,"Private"
"803","Hep A","Alabama","≥2 Doses","Insurance Coverage",75.7,454,"Private"
"804","Hep A","Alabama","≥2 Doses","Insurance Coverage",73.6,404,"Medicaid"
"805","Hep A","Alabama","≥2 Doses","Insurance Coverage",75.8,68,"Other"
"806","≥1 Dose Varicella","Alabama",NA,"Insurance Coverage",93.5,454,"Private"
"807","≥1 Dose MMR","Alabama",NA,"Insurance Coverage",91.9,454,"Private"
"808","≥1 Dose MMR","Alabama",NA,"Insurance Coverage",95.1,404,"Medicaid"
"809","≥1 Dose MMR","Alabama",NA,"Insurance Coverage",88,68,"Other"
"810","PCV","Alabama","≥4 Doses","Insurance Coverage",82.9,68,"Other"
"811","≥1 Dose Varicella","Alabama",NA,"Insurance Coverage",94.5,404,"Medicaid"
"812","DTaP","Alabama","≥4 Doses","Insurance Coverage",81.3,68,"Other"
"813","Hep B","Alabama","≥3 Doses","Insurance Coverage",93.6,404,"Medicaid"
"814","Hep B","Alabama","≥3 Doses","Insurance Coverage",88,68,"Other"
"815","Hib","Alabama","Full Series","Insurance Coverage",80,68,"Other"
"816","≥1 Dose Varicella","Alabama",NA,"Insurance Coverage",89.2,68,"Other"
"817","DTaP","Alabama","≥4 Doses","Insurance Coverage",88.8,454,"Private"
"818","DTaP","Alabama","≥4 Doses","Insurance Coverage",78.6,404,"Medicaid"
"819","Hib","Indiana","Full Series","Insurance Coverage",84.7,519,"Private"
"820","PCV","Indiana","≥4 Doses","Insurance Coverage",87.7,519,"Private"
"821","Hib","Indiana","Full Series","Insurance Coverage",74.6,440,"Medicaid"
"822","PCV","Indiana","≥4 Doses","Insurance Coverage",75.6,440,"Medicaid"
"823","Hep B","Idaho","≥3 Doses","Insurance Coverage",94.9,741,"Private"
"824","Hep A","Idaho","≥2 Doses","Insurance Coverage",81.4,741,"Private"
"825","Hep A","Idaho","≥2 Doses","Insurance Coverage",83.7,521,"Medicaid"
"826","≥1 Dose Varicella","Idaho",NA,"Insurance Coverage",92.6,741,"Private"
"827","≥1 Dose MMR","Idaho",NA,"Insurance Coverage",95.3,741,"Private"
"828","≥1 Dose MMR","Idaho",NA,"Insurance Coverage",89.7,521,"Medicaid"
"829","≥1 Dose MMR","Idaho",NA,"Insurance Coverage",96.7,30,"Other"
"830","PCV","Idaho","≥4 Doses","Insurance Coverage",78,30,"Other"
"831","≥1 Dose Varicella","Idaho",NA,"Insurance Coverage",88.8,521,"Medicaid"
"832","Hep A","Idaho","≥2 Doses","Insurance Coverage",83.3,30,"Other"
"833","Hep A","Idaho","≥2 Doses","Insurance Coverage",68.3,40,"Uninsured"
"834","≥1 Dose MMR","Idaho",NA,"Insurance Coverage",70.7,40,"Uninsured"
"835","PCV","Idaho","≥4 Doses","Insurance Coverage",61.2,40,"Uninsured"
"836","DTaP","Idaho","≥4 Doses","Insurance Coverage",78.9,521,"Medicaid"
"837","Hep B","Idaho","≥3 Doses","Insurance Coverage",93.5,521,"Medicaid"
"838","DTaP","Idaho","≥4 Doses","Insurance Coverage",74.7,30,"Other"
"839","DTaP","Idaho","≥4 Doses","Insurance Coverage",40,40,"Uninsured"
"840","Hep B","Idaho","≥3 Doses","Insurance Coverage",79.6,30,"Other"
"841","Hep B","Idaho","≥3 Doses","Insurance Coverage",89,40,"Uninsured"
"842","Hib","Idaho","Full Series","Insurance Coverage",73.3,30,"Other"
"843","Hib","Idaho","Full Series","Insurance Coverage",60.9,40,"Uninsured"
"844","≥1 Dose Varicella","Idaho",NA,"Insurance Coverage",95.2,30,"Other"
"845","≥1 Dose Varicella","Idaho",NA,"Insurance Coverage",69.4,40,"Uninsured"
"846","DTaP","Idaho","≥4 Doses","Insurance Coverage",85.9,741,"Private"
"847","PCV","Arkansas","≥4 Doses","Insurance Coverage",77.2,559,"Medicaid"
"848","PCV","Arkansas","≥4 Doses","Insurance Coverage",84.5,528,"Private"
"849","Hib","Arkansas","Full Series","Insurance Coverage",80.4,559,"Medicaid"
"850","Hib","Arkansas","Full Series","Insurance Coverage",82.3,528,"Private"
"851","Hib","Massachusetts","Full Series","Insurance Coverage",93.1,895,"Private"
"852","PCV","Massachusetts","≥4 Doses","Insurance Coverage",94.4,895,"Private"
"853","PCV","Massachusetts","≥4 Doses","Insurance Coverage",82,237,"Medicaid"
"854","≥1 Dose MMR","Oregon",NA,"Insurance Coverage",89.9,342,"Medicaid"
"855","≥1 Dose MMR","Oregon",NA,"Insurance Coverage",95.3,486,"Private"
"856","Hep A","Oregon","≥2 Doses","Insurance Coverage",76.3,342,"Medicaid"
"857","Hep A","Oregon","≥2 Doses","Insurance Coverage",84,486,"Private"
"858","DTaP","Oregon","≥4 Doses","Insurance Coverage",85.7,486,"Private"
"859","≥1 Dose Varicella","Oregon",NA,"Insurance Coverage",89.6,342,"Medicaid"
"860","Hib","Oregon","Full Series","Insurance Coverage",74.6,342,"Medicaid"
"861","Hep B","Oregon","≥3 Doses","Insurance Coverage",88.5,342,"Medicaid"
"862","DTaP","Oregon","≥4 Doses","Insurance Coverage",70.8,342,"Medicaid"
"863","Hep B","Oregon","≥3 Doses","Insurance Coverage",92.7,486,"Private"
"864","≥1 Dose Varicella","Oregon",NA,"Insurance Coverage",92.9,486,"Private"
"865","PCV","Oregon","≥4 Doses","Insurance Coverage",74.7,342,"Medicaid"
"866","PCV","Oregon","≥4 Doses","Insurance Coverage",87.2,486,"Private"
"867","Hib","Oregon","Full Series","Insurance Coverage",83.3,486,"Private"
"868","Hib","California","Full Series","Insurance Coverage",81.9,1171,"Private"
"869","Hib","California","Full Series","Insurance Coverage",75.4,421,"Medicaid"
"870","PCV","California","≥4 Doses","Insurance Coverage",85.5,1171,"Private"
"871","PCV","California","≥4 Doses","Insurance Coverage",75.8,421,"Medicaid"
"872","PCV","Minnesota","≥4 Doses","Insurance Coverage",76.6,251,"Medicaid"
"873","Hib","Minnesota","Full Series","Insurance Coverage",85,721,"Private"
"874","PCV","Minnesota","≥4 Doses","Insurance Coverage",90.6,721,"Private"
"875","PCV","North Dakota","≥4 Doses","Insurance Coverage",79.3,236,"Medicaid"
"876","Hep A","North Dakota","≥2 Doses","Insurance Coverage",86.8,695,"Private"
"877","Hep A","North Dakota","≥2 Doses","Insurance Coverage",76.8,236,"Medicaid"
"878","≥1 Dose MMR","North Dakota",NA,"Insurance Coverage",95.9,695,"Private"
"879","≥1 Dose MMR","North Dakota",NA,"Insurance Coverage",90.9,236,"Medicaid"
"880","≥1 Dose MMR","North Dakota",NA,"Insurance Coverage",86.9,30,"Other"
"881","PCV","North Dakota","≥4 Doses","Insurance Coverage",78.7,30,"Other"
"882","≥1 Dose Varicella","North Dakota",NA,"Insurance Coverage",94.5,695,"Private"
"883","Hep A","North Dakota","≥2 Doses","Insurance Coverage",64.5,30,"Other"
"884","Hep B","North Dakota","≥3 Doses","Insurance Coverage",95.6,695,"Private"
"885","DTaP","North Dakota","≥4 Doses","Insurance Coverage",76.8,236,"Medicaid"
"886","Hep B","North Dakota","≥3 Doses","Insurance Coverage",91.1,236,"Medicaid"
"887","DTaP","North Dakota","≥4 Doses","Insurance Coverage",67.7,30,"Other"
"888","Hep B","North Dakota","≥3 Doses","Insurance Coverage",92.2,30,"Other"
"889","Hib","North Dakota","Full Series","Insurance Coverage",78,236,"Medicaid"
"890","Hib","North Dakota","Full Series","Insurance Coverage",79.1,30,"Other"
"891","≥1 Dose Varicella","North Dakota",NA,"Insurance Coverage",84.9,30,"Other"
"892","≥1 Dose Varicella","North Dakota",NA,"Insurance Coverage",88.3,236,"Medicaid"
"893","DTaP","North Dakota","≥4 Doses","Insurance Coverage",85.9,695,"Private"
"894","PCV","Louisiana","≥4 Doses","Insurance Coverage",71.6,654,"Medicaid"
"895","Hib","Louisiana","Full Series","Insurance Coverage",85.1,609,"Private"
"896","PCV","Louisiana","≥4 Doses","Insurance Coverage",88.8,609,"Private"
"897","≥1 Dose MMR","New Mexico",NA,"Insurance Coverage",92,900,"Medicaid"
"898","≥1 Dose MMR","New Mexico",NA,"Insurance Coverage",95.9,555,"Private"
"899","≥1 Dose Varicella","New Mexico",NA,"Insurance Coverage",93.2,555,"Private"
"900","Hep A","New Mexico","≥2 Doses","Insurance Coverage",77.2,900,"Medicaid"
"901","Hep A","New Mexico","≥2 Doses","Insurance Coverage",86,555,"Private"
"902","DTaP","New Mexico","≥4 Doses","Insurance Coverage",87.9,555,"Private"
"903","Hib","New Mexico","Full Series","Insurance Coverage",77,900,"Medicaid"
"904","Hep B","New Mexico","≥3 Doses","Insurance Coverage",91.9,900,"Medicaid"
"905","DTaP","New Mexico","≥4 Doses","Insurance Coverage",76.1,900,"Medicaid"
"906","Hep B","New Mexico","≥3 Doses","Insurance Coverage",94,555,"Private"
"907","≥1 Dose Varicella","New Mexico",NA,"Insurance Coverage",90.4,900,"Medicaid"
"908","PCV","New Mexico","≥4 Doses","Insurance Coverage",77.7,900,"Medicaid"
"909","PCV","Mississippi","≥4 Doses","Insurance Coverage",77.4,519,"Medicaid"
"910","Hib","Mississippi","Full Series","Insurance Coverage",84.3,541,"Private"
"911","PCV","Mississippi","≥4 Doses","Insurance Coverage",88.7,541,"Private"
"912","PCV","Tennessee","≥4 Doses","Insurance Coverage",89.3,612,"Private"
"913","Hib","Tennessee","Full Series","Insurance Coverage",83,612,"Private"
"914","≥1 Dose Varicella","Maryland",NA,"Insurance Coverage",92.2,716,"Medicaid"
"915","Hep A","Maryland","≥2 Doses","Insurance Coverage",62.9,52,"Other"
"916","Hep B","Maryland","≥3 Doses","Insurance Coverage",95.5,1716,"Private"
"917","DTaP","Maryland","≥4 Doses","Insurance Coverage",77.7,716,"Medicaid"
"918","DTaP","Maryland","≥4 Doses","Insurance Coverage",83.3,52,"Other"
"919","Hep B","Maryland","≥3 Doses","Insurance Coverage",91.5,716,"Medicaid"
"920","Hep B","Maryland","≥3 Doses","Insurance Coverage",96.6,52,"Other"
"921","Hib","Maryland","Full Series","Insurance Coverage",79.5,52,"Other"
"922","Hib","Maryland","Full Series","Insurance Coverage",77.1,716,"Medicaid"
"923","≥1 Dose Varicella","Maryland",NA,"Insurance Coverage",85.7,52,"Other"
"924","DTaP","Maryland","≥4 Doses","Insurance Coverage",89.5,1716,"Private"
"925","Hep A","Maryland","≥2 Doses","Insurance Coverage",84.8,1716,"Private"
"926","Hep A","Maryland","≥2 Doses","Insurance Coverage",75.7,716,"Medicaid"
"927","≥1 Dose Varicella","Maryland",NA,"Insurance Coverage",93.6,1716,"Private"
"928","≥1 Dose MMR","Maryland",NA,"Insurance Coverage",94.7,1716,"Private"
"929","≥1 Dose MMR","Maryland",NA,"Insurance Coverage",91.3,716,"Medicaid"
"930","≥1 Dose MMR","Maryland",NA,"Insurance Coverage",87.2,52,"Other"
"931","PCV","Maryland","≥4 Doses","Insurance Coverage",82.2,52,"Other"
"932","Hep A","Mississippi","≥2 Doses","Insurance Coverage",61.9,541,"Private"
"933","Hep A","Mississippi","≥2 Doses","Insurance Coverage",57.2,519,"Medicaid"
"934","≥1 Dose Varicella","Mississippi",NA,"Insurance Coverage",92.1,541,"Private"
"935","≥1 Dose MMR","Mississippi",NA,"Insurance Coverage",93.9,541,"Private"
"936","≥1 Dose MMR","Mississippi",NA,"Insurance Coverage",90.3,519,"Medicaid"
"937","Hep B","Mississippi","≥3 Doses","Insurance Coverage",84.1,34,"Uninsured"
"938","≥1 Dose Varicella","Mississippi",NA,"Insurance Coverage",89.1,519,"Medicaid"
"939","Hep A","Mississippi","≥2 Doses","Insurance Coverage",25.1,34,"Uninsured"
"940","≥1 Dose MMR","Mississippi",NA,"Insurance Coverage",79,34,"Uninsured"
"941","PCV","Mississippi","≥4 Doses","Insurance Coverage",57.5,34,"Uninsured"
"942","Hep B","Mississippi","≥3 Doses","Insurance Coverage",95.3,541,"Private"
"943","DTaP","Mississippi","≥4 Doses","Insurance Coverage",74.8,519,"Medicaid"
"944","Hep B","Mississippi","≥3 Doses","Insurance Coverage",94.1,519,"Medicaid"
"945","DTaP","Mississippi","≥4 Doses","Insurance Coverage",57,34,"Uninsured"
"946","Hib","Mississippi","Full Series","Insurance Coverage",74.8,519,"Medicaid"
"947","Hib","Mississippi","Full Series","Insurance Coverage",55.3,34,"Uninsured"
"948","≥1 Dose Varicella","Mississippi",NA,"Insurance Coverage",77.6,34,"Uninsured"
"949","DTaP","Mississippi","≥4 Doses","Insurance Coverage",87.7,541,"Private"
"950","PCV","New York","≥4 Doses","Insurance Coverage",72.6,701,"Medicaid"
"951","PCV","New York","≥4 Doses","Insurance Coverage",86.6,1314,"Private"
"952","Hib","New York","Full Series","Insurance Coverage",85.7,1314,"Private"
"953","Hep B","Arizona","≥3 Doses","Insurance Coverage",90.9,547,"Private"
"954","Hep A","Arizona","≥2 Doses","Insurance Coverage",77.3,547,"Private"
"955","Hep A","Arizona","≥2 Doses","Insurance Coverage",76.7,335,"Medicaid"
"956","Hep A","Arizona","≥2 Doses","Insurance Coverage",62.9,48,"Other"
"957","≥1 Dose Varicella","Arizona",NA,"Insurance Coverage",93.5,547,"Private"
"958","≥1 Dose MMR","Arizona",NA,"Insurance Coverage",93.8,547,"Private"
"959","≥1 Dose MMR","Arizona",NA,"Insurance Coverage",91.4,335,"Medicaid"
"960","≥1 Dose MMR","Arizona",NA,"Insurance Coverage",88.6,48,"Other"
"961","≥1 Dose MMR","Arizona",NA,"Insurance Coverage",97.1,35,"Uninsured"
"962","PCV","Arizona","≥4 Doses","Insurance Coverage",70.7,48,"Other"
"963","PCV","Arizona","≥4 Doses","Insurance Coverage",80.9,35,"Uninsured"
"964","≥1 Dose Varicella","Arizona",NA,"Insurance Coverage",91.3,335,"Medicaid"
"965","Hep A","Arizona","≥2 Doses","Insurance Coverage",55.3,35,"Uninsured"
"966","DTaP","Arizona","≥4 Doses","Insurance Coverage",77.2,48,"Other"
"967","DTaP","Arizona","≥4 Doses","Insurance Coverage",87.5,35,"Uninsured"
"968","Hep B","Arizona","≥3 Doses","Insurance Coverage",92.5,335,"Medicaid"
"969","Hep B","Arizona","≥3 Doses","Insurance Coverage",92.9,48,"Other"
"970","Hep B","Arizona","≥3 Doses","Insurance Coverage",88.4,35,"Uninsured"
"971","Hib","Arizona","Full Series","Insurance Coverage",74.4,48,"Other"
"972","Hib","Arizona","Full Series","Insurance Coverage",75.2,35,"Uninsured"
"973","≥1 Dose Varicella","Arizona",NA,"Insurance Coverage",88.6,48,"Other"
"974","≥1 Dose Varicella","Arizona",NA,"Insurance Coverage",98.2,35,"Uninsured"
"975","DTaP","Arizona","≥4 Doses","Insurance Coverage",86.4,547,"Private"
"976","DTaP","Arizona","≥4 Doses","Insurance Coverage",77.6,335,"Medicaid"
"977","PCV","Arizona","≥4 Doses","Insurance Coverage",84.7,547,"Private"
"978","PCV","Arizona","≥4 Doses","Insurance Coverage",74.8,335,"Medicaid"
"979","Hib","South Dakota","Full Series","Insurance Coverage",79.5,790,"Private"
"980","PCV","South Dakota","≥4 Doses","Insurance Coverage",87.1,790,"Private"
"981","PCV","South Dakota","≥4 Doses","Insurance Coverage",77.3,324,"Medicaid"
"982","Hib","Wisconsin","Full Series","Insurance Coverage",88.1,543,"Private"
"983","PCV","Wisconsin","≥4 Doses","Insurance Coverage",92.4,543,"Private"
"984","DTaP","New Hampshire","≥4 Doses","Insurance Coverage",90.1,563,"Private"
"985","Hib","New Hampshire","Full Series","Insurance Coverage",82.5,275,"Medicaid"
"986","Hep B","New Hampshire","≥3 Doses","Insurance Coverage",95.1,275,"Medicaid"
"987","DTaP","New Hampshire","≥4 Doses","Insurance Coverage",82,275,"Medicaid"
"988","Hep B","New Hampshire","≥3 Doses","Insurance Coverage",95.1,563,"Private"
"989","≥1 Dose Varicella","New Hampshire",NA,"Insurance Coverage",94,275,"Medicaid"
"990","≥1 Dose MMR","New Hampshire",NA,"Insurance Coverage",93.4,275,"Medicaid"
"991","≥1 Dose MMR","New Hampshire",NA,"Insurance Coverage",96.2,563,"Private"
"992","≥1 Dose Varicella","New Hampshire",NA,"Insurance Coverage",94,563,"Private"
"993","Hep A","New Hampshire","≥2 Doses","Insurance Coverage",77.2,275,"Medicaid"
"994","Hep A","New Hampshire","≥2 Doses","Insurance Coverage",88.6,563,"Private"
